Method;Job;AnalyzeLaunchVariance;EvaluateOverhead;MaxAbsoluteError;MaxRelativeError;MinInvokeCount;MinIterationTime;OutlierMode;Affinity;EnvironmentVariables;Jit;LargeAddressAware;Platform;PowerPlanMode;Runtime;AllowVeryLargeObjects;Concurrent;CpuGroups;Force;HeapAffinitizeMask;HeapCount;NoAffinitize;RetainVm;Server;Arguments;BuildConfiguration;Clock;EngineFactory;NuGetReferences;Toolchain;IsMutator;InvocationCount;IterationCount;IterationTime;LaunchCount;MaxIterationCount;MaxWarmupIterationCount;MemoryRandomization;MinIterationCount;MinWarmupIterationCount;RunStrategy;UnrollFactor;WarmupCount;DatasetSize;ConnectionType;Password;Mean;Error
WhereNear_Filter;Job-ACDQAM;False;Default;Default;Default;Default;Default;Default;11111111111111111111111111111111;Empty;RyuJit;Default;X64;8c5e7fda-e8bf-4a96-9a85-a6e23a8c635c;.NET 8.0;False;True;False;True;Default;Default;False;False;False;Default;Default;Default;Default;Default;.NET 8.0;Default;Default;Default;Default;Default;Default;Default;Default;Default;Default;Default;16;Default;10;Direct;?;NA;NA
WhereNear_Filter_Indexed;Job-ACDQAM;False;Default;Default;Default;Default;Default;Default;11111111111111111111111111111111;Empty;RyuJit;Default;X64;8c5e7fda-e8bf-4a96-9a85-a6e23a8c635c;.NET 8.0;False;True;False;True;Default;Default;False;False;False;Default;Default;Default;Default;Default;.NET 8.0;Default;Default;Default;Default;Default;Default;Default;Default;Default;Default;Default;16;Default;10;Direct;?;NA;NA
TopKNear_OrderLimit;Job-ACDQAM;False;Default;Default;Default;Default;Default;Default;11111111111111111111111111111111;Empty;RyuJit;Default;X64;8c5e7fda-e8bf-4a96-9a85-a6e23a8c635c;.NET 8.0;False;True;False;True;Default;Default;False;False;False;Default;Default;Default;Default;Default;.NET 8.0;Default;Default;Default;Default;Default;Default;Default;Default;Default;Default;Default;16;Default;10;Direct;?;NA;NA
TopKNear_OrderLimit_Indexed;Job-ACDQAM;False;Default;Default;Default;Default;Default;Default;11111111111111111111111111111111;Empty;RyuJit;Default;X64;8c5e7fda-e8bf-4a96-9a85-a6e23a8c635c;.NET 8.0;False;True;False;True;Default;Default;False;False;False;Default;Default;Default;Default;Default;.NET 8.0;Default;Default;Default;Default;Default;Default;Default;Default;Default;Default;Default;16;Default;10;Direct;?;NA;NA
WhereNear_Filter;ShortRun;False;Default;Default;Default;Default;Default;Default;11111111111111111111111111111111;Empty;RyuJit;Default;X64;8c5e7fda-e8bf-4a96-9a85-a6e23a8c635c;.NET 8.0;False;True;False;True;Default;Default;False;False;False;Default;Default;Default;Default;Default;Default;Default;Default;3;Default;1;Default;Default;Default;Default;Default;Default;16;3;10;Direct;?;NA;NA
WhereNear_Filter_Indexed;ShortRun;False;Default;Default;Default;Default;Default;Default;11111111111111111111111111111111;Empty;RyuJit;Default;X64;8c5e7fda-e8bf-4a96-9a85-a6e23a8c635c;.NET 8.0;False;True;False;True;Default;Default;False;False;False;Default;Default;Default;Default;Default;Default;Default;Default;3;Default;1;Default;Default;Default;Default;Default;Default;16;3;10;Direct;?;NA;NA
TopKNear_OrderLimit;ShortRun;False;Default;Default;Default;Default;Default;Default;11111111111111111111111111111111;Empty;RyuJit;Default;X64;8c5e7fda-e8bf-4a96-9a85-a6e23a8c635c;.NET 8.0;False;True;False;True;Default;Default;False;False;False;Default;Default;Default;Default;Default;Default;Default;Default;3;Default;1;Default;Default;Default;Default;Default;Default;16;3;10;Direct;?;NA;NA
TopKNear_OrderLimit_Indexed;ShortRun;False;Default;Default;Default;Default;Default;Default;11111111111111111111111111111111;Empty;RyuJit;Default;X64;8c5e7fda-e8bf-4a96-9a85-a6e23a8c635c;.NET 8.0;False;True;False;True;Default;Default;False;False;False;Default;Default;Default;Default;Default;Default;Default;Default;3;Default;1;Default;Default;Default;Default;Default;Default;16;3;10;Direct;?;NA;NA
WhereNear_Filter;Job-ACDQAM;False;Default;Default;Default;Default;Default;Default;11111111111111111111111111111111;Empty;RyuJit;Default;X64;8c5e7fda-e8bf-4a96-9a85-a6e23a8c635c;.NET 8.0;False;True;False;True;Default;Default;False;False;False;Default;Default;Default;Default;Default;.NET 8.0;Default;Default;Default;Default;Default;Default;Default;Default;Default;Default;Default;16;Default;10;Direct;SecurePassword;NA;NA
WhereNear_Filter_Indexed;Job-ACDQAM;False;Default;Default;Default;Default;Default;Default;11111111111111111111111111111111;Empty;RyuJit;Default;X64;8c5e7fda-e8bf-4a96-9a85-a6e23a8c635c;.NET 8.0;False;True;False;True;Default;Default;False;False;False;Default;Default;Default;Default;Default;.NET 8.0;Default;Default;Default;Default;Default;Default;Default;Default;Default;Default;Default;16;Default;10;Direct;SecurePassword;NA;NA
TopKNear_OrderLimit;Job-ACDQAM;False;Default;Default;Default;Default;Default;Default;11111111111111111111111111111111;Empty;RyuJit;Default;X64;8c5e7fda-e8bf-4a96-9a85-a6e23a8c635c;.NET 8.0;False;True;False;True;Default;Default;False;False;False;Default;Default;Default;Default;Default;.NET 8.0;Default;Default;Default;Default;Default;Default;Default;Default;Default;Default;Default;16;Default;10;Direct;SecurePassword;NA;NA
TopKNear_OrderLimit_Indexed;Job-ACDQAM;False;Default;Default;Default;Default;Default;Default;11111111111111111111111111111111;Empty;RyuJit;Default;X64;8c5e7fda-e8bf-4a96-9a85-a6e23a8c635c;.NET 8.0;False;True;False;True;Default;Default;False;False;False;Default;Default;Default;Default;Default;.NET 8.0;Default;Default;Default;Default;Default;Default;Default;Default;Default;Default;Default;16;Default;10;Direct;SecurePassword;NA;NA
WhereNear_Filter;ShortRun;False;Default;Default;Default;Default;Default;Default;11111111111111111111111111111111;Empty;RyuJit;Default;X64;8c5e7fda-e8bf-4a96-9a85-a6e23a8c635c;.NET 8.0;False;True;False;True;Default;Default;False;False;False;Default;Default;Default;Default;Default;Default;Default;Default;3;Default;1;Default;Default;Default;Default;Default;Default;16;3;10;Direct;SecurePassword;NA;NA
WhereNear_Filter_Indexed;ShortRun;False;Default;Default;Default;Default;Default;Default;11111111111111111111111111111111;Empty;RyuJit;Default;X64;8c5e7fda-e8bf-4a96-9a85-a6e23a8c635c;.NET 8.0;False;True;False;True;Default;Default;False;False;False;Default;Default;Default;Default;Default;Default;Default;Default;3;Default;1;Default;Default;Default;Default;Default;Default;16;3;10;Direct;SecurePassword;NA;NA
TopKNear_OrderLimit;ShortRun;False;Default;Default;Default;Default;Default;Default;11111111111111111111111111111111;Empty;RyuJit;Default;X64;8c5e7fda-e8bf-4a96-9a85-a6e23a8c635c;.NET 8.0;False;True;False;True;Default;Default;False;False;False;Default;Default;Default;Default;Default;Default;Default;Default;3;Default;1;Default;Default;Default;Default;Default;Default;16;3;10;Direct;SecurePassword;NA;NA
TopKNear_OrderLimit_Indexed;ShortRun;False;Default;Default;Default;Default;Default;Default;11111111111111111111111111111111;Empty;RyuJit;Default;X64;8c5e7fda-e8bf-4a96-9a85-a6e23a8c635c;.NET 8.0;False;True;False;True;Default;Default;False;False;False;Default;Default;Default;Default;Default;Default;Default;Default;3;Default;1;Default;Default;Default;Default;Default;Default;16;3;10;Direct;SecurePassword;NA;NA
WhereNear_Filter;Job-ACDQAM;False;Default;Default;Default;Default;Default;Default;11111111111111111111111111111111;Empty;RyuJit;Default;X64;8c5e7fda-e8bf-4a96-9a85-a6e23a8c635c;.NET 8.0;False;True;False;True;Default;Default;False;False;False;Default;Default;Default;Default;Default;.NET 8.0;Default;Default;Default;Default;Default;Default;Default;Default;Default;Default;Default;16;Default;50;Direct;?;NA;NA
WhereNear_Filter_Indexed;Job-ACDQAM;False;Default;Default;Default;Default;Default;Default;11111111111111111111111111111111;Empty;RyuJit;Default;X64;8c5e7fda-e8bf-4a96-9a85-a6e23a8c635c;.NET 8.0;False;True;False;True;Default;Default;False;False;False;Default;Default;Default;Default;Default;.NET 8.0;Default;Default;Default;Default;Default;Default;Default;Default;Default;Default;Default;16;Default;50;Direct;?;NA;NA
TopKNear_OrderLimit;Job-ACDQAM;False;Default;Default;Default;Default;Default;Default;11111111111111111111111111111111;Empty;RyuJit;Default;X64;8c5e7fda-e8bf-4a96-9a85-a6e23a8c635c;.NET 8.0;False;True;False;True;Default;Default;False;False;False;Default;Default;Default;Default;Default;.NET 8.0;Default;Default;Default;Default;Default;Default;Default;Default;Default;Default;Default;16;Default;50;Direct;?;NA;NA
TopKNear_OrderLimit_Indexed;Job-ACDQAM;False;Default;Default;Default;Default;Default;Default;11111111111111111111111111111111;Empty;RyuJit;Default;X64;8c5e7fda-e8bf-4a96-9a85-a6e23a8c635c;.NET 8.0;False;True;False;True;Default;Default;False;False;False;Default;Default;Default;Default;Default;.NET 8.0;Default;Default;Default;Default;Default;Default;Default;Default;Default;Default;Default;16;Default;50;Direct;?;NA;NA
WhereNear_Filter;ShortRun;False;Default;Default;Default;Default;Default;Default;11111111111111111111111111111111;Empty;RyuJit;Default;X64;8c5e7fda-e8bf-4a96-9a85-a6e23a8c635c;.NET 8.0;False;True;False;True;Default;Default;False;False;False;Default;Default;Default;Default;Default;Default;Default;Default;3;Default;1;Default;Default;Default;Default;Default;Default;16;3;50;Direct;?;NA;NA
WhereNear_Filter_Indexed;ShortRun;False;Default;Default;Default;Default;Default;Default;11111111111111111111111111111111;Empty;RyuJit;Default;X64;8c5e7fda-e8bf-4a96-9a85-a6e23a8c635c;.NET 8.0;False;True;False;True;Default;Default;False;False;False;Default;Default;Default;Default;Default;Default;Default;Default;3;Default;1;Default;Default;Default;Default;Default;Default;16;3;50;Direct;?;NA;NA
TopKNear_OrderLimit;ShortRun;False;Default;Default;Default;Default;Default;Default;11111111111111111111111111111111;Empty;RyuJit;Default;X64;8c5e7fda-e8bf-4a96-9a85-a6e23a8c635c;.NET 8.0;False;True;False;True;Default;Default;False;False;False;Default;Default;Default;Default;Default;Default;Default;Default;3;Default;1;Default;Default;Default;Default;Default;Default;16;3;50;Direct;?;NA;NA
TopKNear_OrderLimit_Indexed;ShortRun;False;Default;Default;Default;Default;Default;Default;11111111111111111111111111111111;Empty;RyuJit;Default;X64;8c5e7fda-e8bf-4a96-9a85-a6e23a8c635c;.NET 8.0;False;True;False;True;Default;Default;False;False;False;Default;Default;Default;Default;Default;Default;Default;Default;3;Default;1;Default;Default;Default;Default;Default;Default;16;3;50;Direct;?;NA;NA
WhereNear_Filter;Job-ACDQAM;False;Default;Default;Default;Default;Default;Default;11111111111111111111111111111111;Empty;RyuJit;Default;X64;8c5e7fda-e8bf-4a96-9a85-a6e23a8c635c;.NET 8.0;False;True;False;True;Default;Default;False;False;False;Default;Default;Default;Default;Default;.NET 8.0;Default;Default;Default;Default;Default;Default;Default;Default;Default;Default;Default;16;Default;50;Direct;SecurePassword;NA;NA
WhereNear_Filter_Indexed;Job-ACDQAM;False;Default;Default;Default;Default;Default;Default;11111111111111111111111111111111;Empty;RyuJit;Default;X64;8c5e7fda-e8bf-4a96-9a85-a6e23a8c635c;.NET 8.0;False;True;False;True;Default;Default;False;False;False;Default;Default;Default;Default;Default;.NET 8.0;Default;Default;Default;Default;Default;Default;Default;Default;Default;Default;Default;16;Default;50;Direct;SecurePassword;NA;NA
TopKNear_OrderLimit;Job-ACDQAM;False;Default;Default;Default;Default;Default;Default;11111111111111111111111111111111;Empty;RyuJit;Default;X64;8c5e7fda-e8bf-4a96-9a85-a6e23a8c635c;.NET 8.0;False;True;False;True;Default;Default;False;False;False;Default;Default;Default;Default;Default;.NET 8.0;Default;Default;Default;Default;Default;Default;Default;Default;Default;Default;Default;16;Default;50;Direct;SecurePassword;NA;NA
TopKNear_OrderLimit_Indexed;Job-ACDQAM;False;Default;Default;Default;Default;Default;Default;11111111111111111111111111111111;Empty;RyuJit;Default;X64;8c5e7fda-e8bf-4a96-9a85-a6e23a8c635c;.NET 8.0;False;True;False;True;Default;Default;False;False;False;Default;Default;Default;Default;Default;.NET 8.0;Default;Default;Default;Default;Default;Default;Default;Default;Default;Default;Default;16;Default;50;Direct;SecurePassword;NA;NA
WhereNear_Filter;ShortRun;False;Default;Default;Default;Default;Default;Default;11111111111111111111111111111111;Empty;RyuJit;Default;X64;8c5e7fda-e8bf-4a96-9a85-a6e23a8c635c;.NET 8.0;False;True;False;True;Default;Default;False;False;False;Default;Default;Default;Default;Default;Default;Default;Default;3;Default;1;Default;Default;Default;Default;Default;Default;16;3;50;Direct;SecurePassword;NA;NA
WhereNear_Filter_Indexed;ShortRun;False;Default;Default;Default;Default;Default;Default;11111111111111111111111111111111;Empty;RyuJit;Default;X64;8c5e7fda-e8bf-4a96-9a85-a6e23a8c635c;.NET 8.0;False;True;False;True;Default;Default;False;False;False;Default;Default;Default;Default;Default;Default;Default;Default;3;Default;1;Default;Default;Default;Default;Default;Default;16;3;50;Direct;SecurePassword;NA;NA
TopKNear_OrderLimit;ShortRun;False;Default;Default;Default;Default;Default;Default;11111111111111111111111111111111;Empty;RyuJit;Default;X64;8c5e7fda-e8bf-4a96-9a85-a6e23a8c635c;.NET 8.0;False;True;False;True;Default;Default;False;False;False;Default;Default;Default;Default;Default;Default;Default;Default;3;Default;1;Default;Default;Default;Default;Default;Default;16;3;50;Direct;SecurePassword;NA;NA
TopKNear_OrderLimit_Indexed;ShortRun;False;Default;Default;Default;Default;Default;Default;11111111111111111111111111111111;Empty;RyuJit;Default;X64;8c5e7fda-e8bf-4a96-9a85-a6e23a8c635c;.NET 8.0;False;True;False;True;Default;Default;False;False;False;Default;Default;Default;Default;Default;Default;Default;Default;3;Default;1;Default;Default;Default;Default;Default;Default;16;3;50;Direct;SecurePassword;NA;NA
WhereNear_Filter;Job-ACDQAM;False;Default;Default;Default;Default;Default;Default;11111111111111111111111111111111;Empty;RyuJit;Default;X64;8c5e7fda-e8bf-4a96-9a85-a6e23a8c635c;.NET 8.0;False;True;False;True;Default;Default;False;False;False;Default;Default;Default;Default;Default;.NET 8.0;Default;Default;Default;Default;Default;Default;Default;Default;Default;Default;Default;16;Default;100;Direct;?;NA;NA
WhereNear_Filter_Indexed;Job-ACDQAM;False;Default;Default;Default;Default;Default;Default;11111111111111111111111111111111;Empty;RyuJit;Default;X64;8c5e7fda-e8bf-4a96-9a85-a6e23a8c635c;.NET 8.0;False;True;False;True;Default;Default;False;False;False;Default;Default;Default;Default;Default;.NET 8.0;Default;Default;Default;Default;Default;Default;Default;Default;Default;Default;Default;16;Default;100;Direct;?;NA;NA
TopKNear_OrderLimit;Job-ACDQAM;False;Default;Default;Default;Default;Default;Default;11111111111111111111111111111111;Empty;RyuJit;Default;X64;8c5e7fda-e8bf-4a96-9a85-a6e23a8c635c;.NET 8.0;False;True;False;True;Default;Default;False;False;False;Default;Default;Default;Default;Default;.NET 8.0;Default;Default;Default;Default;Default;Default;Default;Default;Default;Default;Default;16;Default;100;Direct;?;NA;NA
TopKNear_OrderLimit_Indexed;Job-ACDQAM;False;Default;Default;Default;Default;Default;Default;11111111111111111111111111111111;Empty;RyuJit;Default;X64;8c5e7fda-e8bf-4a96-9a85-a6e23a8c635c;.NET 8.0;False;True;False;True;Default;Default;False;False;False;Default;Default;Default;Default;Default;.NET 8.0;Default;Default;Default;Default;Default;Default;Default;Default;Default;Default;Default;16;Default;100;Direct;?;NA;NA
WhereNear_Filter;ShortRun;False;Default;Default;Default;Default;Default;Default;11111111111111111111111111111111;Empty;RyuJit;Default;X64;8c5e7fda-e8bf-4a96-9a85-a6e23a8c635c;.NET 8.0;False;True;False;True;Default;Default;False;False;False;Default;Default;Default;Default;Default;Default;Default;Default;3;Default;1;Default;Default;Default;Default;Default;Default;16;3;100;Direct;?;NA;NA
WhereNear_Filter_Indexed;ShortRun;False;Default;Default;Default;Default;Default;Default;11111111111111111111111111111111;Empty;RyuJit;Default;X64;8c5e7fda-e8bf-4a96-9a85-a6e23a8c635c;.NET 8.0;False;True;False;True;Default;Default;False;False;False;Default;Default;Default;Default;Default;Default;Default;Default;3;Default;1;Default;Default;Default;Default;Default;Default;16;3;100;Direct;?;NA;NA
TopKNear_OrderLimit;ShortRun;False;Default;Default;Default;Default;Default;Default;11111111111111111111111111111111;Empty;RyuJit;Default;X64;8c5e7fda-e8bf-4a96-9a85-a6e23a8c635c;.NET 8.0;False;True;False;True;Default;Default;False;False;False;Default;Default;Default;Default;Default;Default;Default;Default;3;Default;1;Default;Default;Default;Default;Default;Default;16;3;100;Direct;?;NA;NA
TopKNear_OrderLimit_Indexed;ShortRun;False;Default;Default;Default;Default;Default;Default;11111111111111111111111111111111;Empty;RyuJit;Default;X64;8c5e7fda-e8bf-4a96-9a85-a6e23a8c635c;.NET 8.0;False;True;False;True;Default;Default;False;False;False;Default;Default;Default;Default;Default;Default;Default;Default;3;Default;1;Default;Default;Default;Default;Default;Default;16;3;100;Direct;?;NA;NA
WhereNear_Filter;Job-ACDQAM;False;Default;Default;Default;Default;Default;Default;11111111111111111111111111111111;Empty;RyuJit;Default;X64;8c5e7fda-e8bf-4a96-9a85-a6e23a8c635c;.NET 8.0;False;True;False;True;Default;Default;False;False;False;Default;Default;Default;Default;Default;.NET 8.0;Default;Default;Default;Default;Default;Default;Default;Default;Default;Default;Default;16;Default;100;Direct;SecurePassword;NA;NA
WhereNear_Filter_Indexed;Job-ACDQAM;False;Default;Default;Default;Default;Default;Default;11111111111111111111111111111111;Empty;RyuJit;Default;X64;8c5e7fda-e8bf-4a96-9a85-a6e23a8c635c;.NET 8.0;False;True;False;True;Default;Default;False;False;False;Default;Default;Default;Default;Default;.NET 8.0;Default;Default;Default;Default;Default;Default;Default;Default;Default;Default;Default;16;Default;100;Direct;SecurePassword;NA;NA
TopKNear_OrderLimit;Job-ACDQAM;False;Default;Default;Default;Default;Default;Default;11111111111111111111111111111111;Empty;RyuJit;Default;X64;8c5e7fda-e8bf-4a96-9a85-a6e23a8c635c;.NET 8.0;False;True;False;True;Default;Default;False;False;False;Default;Default;Default;Default;Default;.NET 8.0;Default;Default;Default;Default;Default;Default;Default;Default;Default;Default;Default;16;Default;100;Direct;SecurePassword;NA;NA
TopKNear_OrderLimit_Indexed;Job-ACDQAM;False;Default;Default;Default;Default;Default;Default;11111111111111111111111111111111;Empty;RyuJit;Default;X64;8c5e7fda-e8bf-4a96-9a85-a6e23a8c635c;.NET 8.0;False;True;False;True;Default;Default;False;False;False;Default;Default;Default;Default;Default;.NET 8.0;Default;Default;Default;Default;Default;Default;Default;Default;Default;Default;Default;16;Default;100;Direct;SecurePassword;NA;NA
WhereNear_Filter;ShortRun;False;Default;Default;Default;Default;Default;Default;11111111111111111111111111111111;Empty;RyuJit;Default;X64;8c5e7fda-e8bf-4a96-9a85-a6e23a8c635c;.NET 8.0;False;True;False;True;Default;Default;False;False;False;Default;Default;Default;Default;Default;Default;Default;Default;3;Default;1;Default;Default;Default;Default;Default;Default;16;3;100;Direct;SecurePassword;NA;NA
WhereNear_Filter_Indexed;ShortRun;False;Default;Default;Default;Default;Default;Default;11111111111111111111111111111111;Empty;RyuJit;Default;X64;8c5e7fda-e8bf-4a96-9a85-a6e23a8c635c;.NET 8.0;False;True;False;True;Default;Default;False;False;False;Default;Default;Default;Default;Default;Default;Default;Default;3;Default;1;Default;Default;Default;Default;Default;Default;16;3;100;Direct;SecurePassword;NA;NA
TopKNear_OrderLimit;ShortRun;False;Default;Default;Default;Default;Default;Default;11111111111111111111111111111111;Empty;RyuJit;Default;X64;8c5e7fda-e8bf-4a96-9a85-a6e23a8c635c;.NET 8.0;False;True;False;True;Default;Default;False;False;False;Default;Default;Default;Default;Default;Default;Default;Default;3;Default;1;Default;Default;Default;Default;Default;Default;16;3;100;Direct;SecurePassword;NA;NA
TopKNear_OrderLimit_Indexed;ShortRun;False;Default;Default;Default;Default;Default;Default;11111111111111111111111111111111;Empty;RyuJit;Default;X64;8c5e7fda-e8bf-4a96-9a85-a6e23a8c635c;.NET 8.0;False;True;False;True;Default;Default;False;False;False;Default;Default;Default;Default;Default;Default;Default;Default;3;Default;1;Default;Default;Default;Default;Default;Default;16;3;100;Direct;SecurePassword;NA;NA
WhereNear_Filter;Job-ACDQAM;False;Default;Default;Default;Default;Default;Default;11111111111111111111111111111111;Empty;RyuJit;Default;X64;8c5e7fda-e8bf-4a96-9a85-a6e23a8c635c;.NET 8.0;False;True;False;True;Default;Default;False;False;False;Default;Default;Default;Default;Default;.NET 8.0;Default;Default;Default;Default;Default;Default;Default;Default;Default;Default;Default;16;Default;500;Direct;?;NA;NA
WhereNear_Filter_Indexed;Job-ACDQAM;False;Default;Default;Default;Default;Default;Default;11111111111111111111111111111111;Empty;RyuJit;Default;X64;8c5e7fda-e8bf-4a96-9a85-a6e23a8c635c;.NET 8.0;False;True;False;True;Default;Default;False;False;False;Default;Default;Default;Default;Default;.NET 8.0;Default;Default;Default;Default;Default;Default;Default;Default;Default;Default;Default;16;Default;500;Direct;?;NA;NA
TopKNear_OrderLimit;Job-ACDQAM;False;Default;Default;Default;Default;Default;Default;11111111111111111111111111111111;Empty;RyuJit;Default;X64;8c5e7fda-e8bf-4a96-9a85-a6e23a8c635c;.NET 8.0;False;True;False;True;Default;Default;False;False;False;Default;Default;Default;Default;Default;.NET 8.0;Default;Default;Default;Default;Default;Default;Default;Default;Default;Default;Default;16;Default;500;Direct;?;NA;NA
TopKNear_OrderLimit_Indexed;Job-ACDQAM;False;Default;Default;Default;Default;Default;Default;11111111111111111111111111111111;Empty;RyuJit;Default;X64;8c5e7fda-e8bf-4a96-9a85-a6e23a8c635c;.NET 8.0;False;True;False;True;Default;Default;False;False;False;Default;Default;Default;Default;Default;.NET 8.0;Default;Default;Default;Default;Default;Default;Default;Default;Default;Default;Default;16;Default;500;Direct;?;NA;NA
WhereNear_Filter;ShortRun;False;Default;Default;Default;Default;Default;Default;11111111111111111111111111111111;Empty;RyuJit;Default;X64;8c5e7fda-e8bf-4a96-9a85-a6e23a8c635c;.NET 8.0;False;True;False;True;Default;Default;False;False;False;Default;Default;Default;Default;Default;Default;Default;Default;3;Default;1;Default;Default;Default;Default;Default;Default;16;3;500;Direct;?;NA;NA
WhereNear_Filter_Indexed;ShortRun;False;Default;Default;Default;Default;Default;Default;11111111111111111111111111111111;Empty;RyuJit;Default;X64;8c5e7fda-e8bf-4a96-9a85-a6e23a8c635c;.NET 8.0;False;True;False;True;Default;Default;False;False;False;Default;Default;Default;Default;Default;Default;Default;Default;3;Default;1;Default;Default;Default;Default;Default;Default;16;3;500;Direct;?;NA;NA
TopKNear_OrderLimit;ShortRun;False;Default;Default;Default;Default;Default;Default;11111111111111111111111111111111;Empty;RyuJit;Default;X64;8c5e7fda-e8bf-4a96-9a85-a6e23a8c635c;.NET 8.0;False;True;False;True;Default;Default;False;False;False;Default;Default;Default;Default;Default;Default;Default;Default;3;Default;1;Default;Default;Default;Default;Default;Default;16;3;500;Direct;?;NA;NA
TopKNear_OrderLimit_Indexed;ShortRun;False;Default;Default;Default;Default;Default;Default;11111111111111111111111111111111;Empty;RyuJit;Default;X64;8c5e7fda-e8bf-4a96-9a85-a6e23a8c635c;.NET 8.0;False;True;False;True;Default;Default;False;False;False;Default;Default;Default;Default;Default;Default;Default;Default;3;Default;1;Default;Default;Default;Default;Default;Default;16;3;500;Direct;?;NA;NA
WhereNear_Filter;Job-ACDQAM;False;Default;Default;Default;Default;Default;Default;11111111111111111111111111111111;Empty;RyuJit;Default;X64;8c5e7fda-e8bf-4a96-9a85-a6e23a8c635c;.NET 8.0;False;True;False;True;Default;Default;False;False;False;Default;Default;Default;Default;Default;.NET 8.0;Default;Default;Default;Default;Default;Default;Default;Default;Default;Default;Default;16;Default;500;Direct;SecurePassword;NA;NA
WhereNear_Filter_Indexed;Job-ACDQAM;False;Default;Default;Default;Default;Default;Default;11111111111111111111111111111111;Empty;RyuJit;Default;X64;8c5e7fda-e8bf-4a96-9a85-a6e23a8c635c;.NET 8.0;False;True;False;True;Default;Default;False;False;False;Default;Default;Default;Default;Default;.NET 8.0;Default;Default;Default;Default;Default;Default;Default;Default;Default;Default;Default;16;Default;500;Direct;SecurePassword;NA;NA
TopKNear_OrderLimit;Job-ACDQAM;False;Default;Default;Default;Default;Default;Default;11111111111111111111111111111111;Empty;RyuJit;Default;X64;8c5e7fda-e8bf-4a96-9a85-a6e23a8c635c;.NET 8.0;False;True;False;True;Default;Default;False;False;False;Default;Default;Default;Default;Default;.NET 8.0;Default;Default;Default;Default;Default;Default;Default;Default;Default;Default;Default;16;Default;500;Direct;SecurePassword;NA;NA
TopKNear_OrderLimit_Indexed;Job-ACDQAM;False;Default;Default;Default;Default;Default;Default;11111111111111111111111111111111;Empty;RyuJit;Default;X64;8c5e7fda-e8bf-4a96-9a85-a6e23a8c635c;.NET 8.0;False;True;False;True;Default;Default;False;False;False;Default;Default;Default;Default;Default;.NET 8.0;Default;Default;Default;Default;Default;Default;Default;Default;Default;Default;Default;16;Default;500;Direct;SecurePassword;NA;NA
WhereNear_Filter;ShortRun;False;Default;Default;Default;Default;Default;Default;11111111111111111111111111111111;Empty;RyuJit;Default;X64;8c5e7fda-e8bf-4a96-9a85-a6e23a8c635c;.NET 8.0;False;True;False;True;Default;Default;False;False;False;Default;Default;Default;Default;Default;Default;Default;Default;3;Default;1;Default;Default;Default;Default;Default;Default;16;3;500;Direct;SecurePassword;NA;NA
WhereNear_Filter_Indexed;ShortRun;False;Default;Default;Default;Default;Default;Default;11111111111111111111111111111111;Empty;RyuJit;Default;X64;8c5e7fda-e8bf-4a96-9a85-a6e23a8c635c;.NET 8.0;False;True;False;True;Default;Default;False;False;False;Default;Default;Default;Default;Default;Default;Default;Default;3;Default;1;Default;Default;Default;Default;Default;Default;16;3;500;Direct;SecurePassword;NA;NA
TopKNear_OrderLimit;ShortRun;False;Default;Default;Default;Default;Default;Default;11111111111111111111111111111111;Empty;RyuJit;Default;X64;8c5e7fda-e8bf-4a96-9a85-a6e23a8c635c;.NET 8.0;False;True;False;True;Default;Default;False;False;False;Default;Default;Default;Default;Default;Default;Default;Default;3;Default;1;Default;Default;Default;Default;Default;Default;16;3;500;Direct;SecurePassword;NA;NA
TopKNear_OrderLimit_Indexed;ShortRun;False;Default;Default;Default;Default;Default;Default;11111111111111111111111111111111;Empty;RyuJit;Default;X64;8c5e7fda-e8bf-4a96-9a85-a6e23a8c635c;.NET 8.0;False;True;False;True;Default;Default;False;False;False;Default;Default;Default;Default;Default;Default;Default;Default;3;Default;1;Default;Default;Default;Default;Default;Default;16;3;500;Direct;SecurePassword;NA;NA
WhereNear_Filter;Job-ACDQAM;False;Default;Default;Default;Default;Default;Default;11111111111111111111111111111111;Empty;RyuJit;Default;X64;8c5e7fda-e8bf-4a96-9a85-a6e23a8c635c;.NET 8.0;False;True;False;True;Default;Default;False;False;False;Default;Default;Default;Default;Default;.NET 8.0;Default;Default;Default;Default;Default;Default;Default;Default;Default;Default;Default;16;Default;1000;Direct;?;NA;NA
WhereNear_Filter_Indexed;Job-ACDQAM;False;Default;Default;Default;Default;Default;Default;11111111111111111111111111111111;Empty;RyuJit;Default;X64;8c5e7fda-e8bf-4a96-9a85-a6e23a8c635c;.NET 8.0;False;True;False;True;Default;Default;False;False;False;Default;Default;Default;Default;Default;.NET 8.0;Default;Default;Default;Default;Default;Default;Default;Default;Default;Default;Default;16;Default;1000;Direct;?;NA;NA
TopKNear_OrderLimit;Job-ACDQAM;False;Default;Default;Default;Default;Default;Default;11111111111111111111111111111111;Empty;RyuJit;Default;X64;8c5e7fda-e8bf-4a96-9a85-a6e23a8c635c;.NET 8.0;False;True;False;True;Default;Default;False;False;False;Default;Default;Default;Default;Default;.NET 8.0;Default;Default;Default;Default;Default;Default;Default;Default;Default;Default;Default;16;Default;1000;Direct;?;NA;NA
TopKNear_OrderLimit_Indexed;Job-ACDQAM;False;Default;Default;Default;Default;Default;Default;11111111111111111111111111111111;Empty;RyuJit;Default;X64;8c5e7fda-e8bf-4a96-9a85-a6e23a8c635c;.NET 8.0;False;True;False;True;Default;Default;False;False;False;Default;Default;Default;Default;Default;.NET 8.0;Default;Default;Default;Default;Default;Default;Default;Default;Default;Default;Default;16;Default;1000;Direct;?;NA;NA
WhereNear_Filter;ShortRun;False;Default;Default;Default;Default;Default;Default;11111111111111111111111111111111;Empty;RyuJit;Default;X64;8c5e7fda-e8bf-4a96-9a85-a6e23a8c635c;.NET 8.0;False;True;False;True;Default;Default;False;False;False;Default;Default;Default;Default;Default;Default;Default;Default;3;Default;1;Default;Default;Default;Default;Default;Default;16;3;1000;Direct;?;NA;NA
WhereNear_Filter_Indexed;ShortRun;False;Default;Default;Default;Default;Default;Default;11111111111111111111111111111111;Empty;RyuJit;Default;X64;8c5e7fda-e8bf-4a96-9a85-a6e23a8c635c;.NET 8.0;False;True;False;True;Default;Default;False;False;False;Default;Default;Default;Default;Default;Default;Default;Default;3;Default;1;Default;Default;Default;Default;Default;Default;16;3;1000;Direct;?;NA;NA
TopKNear_OrderLimit;ShortRun;False;Default;Default;Default;Default;Default;Default;11111111111111111111111111111111;Empty;RyuJit;Default;X64;8c5e7fda-e8bf-4a96-9a85-a6e23a8c635c;.NET 8.0;False;True;False;True;Default;Default;False;False;False;Default;Default;Default;Default;Default;Default;Default;Default;3;Default;1;Default;Default;Default;Default;Default;Default;16;3;1000;Direct;?;NA;NA
TopKNear_OrderLimit_Indexed;ShortRun;False;Default;Default;Default;Default;Default;Default;11111111111111111111111111111111;Empty;RyuJit;Default;X64;8c5e7fda-e8bf-4a96-9a85-a6e23a8c635c;.NET 8.0;False;True;False;True;Default;Default;False;False;False;Default;Default;Default;Default;Default;Default;Default;Default;3;Default;1;Default;Default;Default;Default;Default;Default;16;3;1000;Direct;?;NA;NA
WhereNear_Filter;Job-ACDQAM;False;Default;Default;Default;Default;Default;Default;11111111111111111111111111111111;Empty;RyuJit;Default;X64;8c5e7fda-e8bf-4a96-9a85-a6e23a8c635c;.NET 8.0;False;True;False;True;Default;Default;False;False;False;Default;Default;Default;Default;Default;.NET 8.0;Default;Default;Default;Default;Default;Default;Default;Default;Default;Default;Default;16;Default;1000;Direct;SecurePassword;NA;NA
WhereNear_Filter_Indexed;Job-ACDQAM;False;Default;Default;Default;Default;Default;Default;11111111111111111111111111111111;Empty;RyuJit;Default;X64;8c5e7fda-e8bf-4a96-9a85-a6e23a8c635c;.NET 8.0;False;True;False;True;Default;Default;False;False;False;Default;Default;Default;Default;Default;.NET 8.0;Default;Default;Default;Default;Default;Default;Default;Default;Default;Default;Default;16;Default;1000;Direct;SecurePassword;NA;NA
TopKNear_OrderLimit;Job-ACDQAM;False;Default;Default;Default;Default;Default;Default;11111111111111111111111111111111;Empty;RyuJit;Default;X64;8c5e7fda-e8bf-4a96-9a85-a6e23a8c635c;.NET 8.0;False;True;False;True;Default;Default;False;False;False;Default;Default;Default;Default;Default;.NET 8.0;Default;Default;Default;Default;Default;Default;Default;Default;Default;Default;Default;16;Default;1000;Direct;SecurePassword;NA;NA
TopKNear_OrderLimit_Indexed;Job-ACDQAM;False;Default;Default;Default;Default;Default;Default;11111111111111111111111111111111;Empty;RyuJit;Default;X64;8c5e7fda-e8bf-4a96-9a85-a6e23a8c635c;.NET 8.0;False;True;False;True;Default;Default;False;False;False;Default;Default;Default;Default;Default;.NET 8.0;Default;Default;Default;Default;Default;Default;Default;Default;Default;Default;Default;16;Default;1000;Direct;SecurePassword;NA;NA
WhereNear_Filter;ShortRun;False;Default;Default;Default;Default;Default;Default;11111111111111111111111111111111;Empty;RyuJit;Default;X64;8c5e7fda-e8bf-4a96-9a85-a6e23a8c635c;.NET 8.0;False;True;False;True;Default;Default;False;False;False;Default;Default;Default;Default;Default;Default;Default;Default;3;Default;1;Default;Default;Default;Default;Default;Default;16;3;1000;Direct;SecurePassword;NA;NA
WhereNear_Filter_Indexed;ShortRun;False;Default;Default;Default;Default;Default;Default;11111111111111111111111111111111;Empty;RyuJit;Default;X64;8c5e7fda-e8bf-4a96-9a85-a6e23a8c635c;.NET 8.0;False;True;False;True;Default;Default;False;False;False;Default;Default;Default;Default;Default;Default;Default;Default;3;Default;1;Default;Default;Default;Default;Default;Default;16;3;1000;Direct;SecurePassword;NA;NA
TopKNear_OrderLimit;ShortRun;False;Default;Default;Default;Default;Default;Default;11111111111111111111111111111111;Empty;RyuJit;Default;X64;8c5e7fda-e8bf-4a96-9a85-a6e23a8c635c;.NET 8.0;False;True;False;True;Default;Default;False;False;False;Default;Default;Default;Default;Default;Default;Default;Default;3;Default;1;Default;Default;Default;Default;Default;Default;16;3;1000;Direct;SecurePassword;NA;NA
TopKNear_OrderLimit_Indexed;ShortRun;False;Default;Default;Default;Default;Default;Default;11111111111111111111111111111111;Empty;RyuJit;Default;X64;8c5e7fda-e8bf-4a96-9a85-a6e23a8c635c;.NET 8.0;False;True;False;True;Default;Default;False;False;False;Default;Default;Default;Default;Default;Default;Default;Default;3;Default;1;Default;Default;Default;Default;Default;Default;16;3;1000;Direct;SecurePassword;NA;NA
WhereNear_Filter;Job-ACDQAM;False;Default;Default;Default;Default;Default;Default;11111111111111111111111111111111;Empty;RyuJit;Default;X64;8c5e7fda-e8bf-4a96-9a85-a6e23a8c635c;.NET 8.0;False;True;False;True;Default;Default;False;False;False;Default;Default;Default;Default;Default;.NET 8.0;Default;Default;Default;Default;Default;Default;Default;Default;Default;Default;Default;16;Default;5000;Direct;?;NA;NA
WhereNear_Filter_Indexed;Job-ACDQAM;False;Default;Default;Default;Default;Default;Default;11111111111111111111111111111111;Empty;RyuJit;Default;X64;8c5e7fda-e8bf-4a96-9a85-a6e23a8c635c;.NET 8.0;False;True;False;True;Default;Default;False;False;False;Default;Default;Default;Default;Default;.NET 8.0;Default;Default;Default;Default;Default;Default;Default;Default;Default;Default;Default;16;Default;5000;Direct;?;NA;NA
TopKNear_OrderLimit;Job-ACDQAM;False;Default;Default;Default;Default;Default;Default;11111111111111111111111111111111;Empty;RyuJit;Default;X64;8c5e7fda-e8bf-4a96-9a85-a6e23a8c635c;.NET 8.0;False;True;False;True;Default;Default;False;False;False;Default;Default;Default;Default;Default;.NET 8.0;Default;Default;Default;Default;Default;Default;Default;Default;Default;Default;Default;16;Default;5000;Direct;?;NA;NA
TopKNear_OrderLimit_Indexed;Job-ACDQAM;False;Default;Default;Default;Default;Default;Default;11111111111111111111111111111111;Empty;RyuJit;Default;X64;8c5e7fda-e8bf-4a96-9a85-a6e23a8c635c;.NET 8.0;False;True;False;True;Default;Default;False;False;False;Default;Default;Default;Default;Default;.NET 8.0;Default;Default;Default;Default;Default;Default;Default;Default;Default;Default;Default;16;Default;5000;Direct;?;NA;NA
WhereNear_Filter;ShortRun;False;Default;Default;Default;Default;Default;Default;11111111111111111111111111111111;Empty;RyuJit;Default;X64;8c5e7fda-e8bf-4a96-9a85-a6e23a8c635c;.NET 8.0;False;True;False;True;Default;Default;False;False;False;Default;Default;Default;Default;Default;Default;Default;Default;3;Default;1;Default;Default;Default;Default;Default;Default;16;3;5000;Direct;?;NA;NA
WhereNear_Filter_Indexed;ShortRun;False;Default;Default;Default;Default;Default;Default;11111111111111111111111111111111;Empty;RyuJit;Default;X64;8c5e7fda-e8bf-4a96-9a85-a6e23a8c635c;.NET 8.0;False;True;False;True;Default;Default;False;False;False;Default;Default;Default;Default;Default;Default;Default;Default;3;Default;1;Default;Default;Default;Default;Default;Default;16;3;5000;Direct;?;NA;NA
TopKNear_OrderLimit;ShortRun;False;Default;Default;Default;Default;Default;Default;11111111111111111111111111111111;Empty;RyuJit;Default;X64;8c5e7fda-e8bf-4a96-9a85-a6e23a8c635c;.NET 8.0;False;True;False;True;Default;Default;False;False;False;Default;Default;Default;Default;Default;Default;Default;Default;3;Default;1;Default;Default;Default;Default;Default;Default;16;3;5000;Direct;?;NA;NA
TopKNear_OrderLimit_Indexed;ShortRun;False;Default;Default;Default;Default;Default;Default;11111111111111111111111111111111;Empty;RyuJit;Default;X64;8c5e7fda-e8bf-4a96-9a85-a6e23a8c635c;.NET 8.0;False;True;False;True;Default;Default;False;False;False;Default;Default;Default;Default;Default;Default;Default;Default;3;Default;1;Default;Default;Default;Default;Default;Default;16;3;5000;Direct;?;NA;NA
WhereNear_Filter;Job-ACDQAM;False;Default;Default;Default;Default;Default;Default;11111111111111111111111111111111;Empty;RyuJit;Default;X64;8c5e7fda-e8bf-4a96-9a85-a6e23a8c635c;.NET 8.0;False;True;False;True;Default;Default;False;False;False;Default;Default;Default;Default;Default;.NET 8.0;Default;Default;Default;Default;Default;Default;Default;Default;Default;Default;Default;16;Default;5000;Direct;SecurePassword;NA;NA
WhereNear_Filter_Indexed;Job-ACDQAM;False;Default;Default;Default;Default;Default;Default;11111111111111111111111111111111;Empty;RyuJit;Default;X64;8c5e7fda-e8bf-4a96-9a85-a6e23a8c635c;.NET 8.0;False;True;False;True;Default;Default;False;False;False;Default;Default;Default;Default;Default;.NET 8.0;Default;Default;Default;Default;Default;Default;Default;Default;Default;Default;Default;16;Default;5000;Direct;SecurePassword;NA;NA
TopKNear_OrderLimit;Job-ACDQAM;False;Default;Default;Default;Default;Default;Default;11111111111111111111111111111111;Empty;RyuJit;Default;X64;8c5e7fda-e8bf-4a96-9a85-a6e23a8c635c;.NET 8.0;False;True;False;True;Default;Default;False;False;False;Default;Default;Default;Default;Default;.NET 8.0;Default;Default;Default;Default;Default;Default;Default;Default;Default;Default;Default;16;Default;5000;Direct;SecurePassword;NA;NA
TopKNear_OrderLimit_Indexed;Job-ACDQAM;False;Default;Default;Default;Default;Default;Default;11111111111111111111111111111111;Empty;RyuJit;Default;X64;8c5e7fda-e8bf-4a96-9a85-a6e23a8c635c;.NET 8.0;False;True;False;True;Default;Default;False;False;False;Default;Default;Default;Default;Default;.NET 8.0;Default;Default;Default;Default;Default;Default;Default;Default;Default;Default;Default;16;Default;5000;Direct;SecurePassword;NA;NA
WhereNear_Filter;ShortRun;False;Default;Default;Default;Default;Default;Default;11111111111111111111111111111111;Empty;RyuJit;Default;X64;8c5e7fda-e8bf-4a96-9a85-a6e23a8c635c;.NET 8.0;False;True;False;True;Default;Default;False;False;False;Default;Default;Default;Default;Default;Default;Default;Default;3;Default;1;Default;Default;Default;Default;Default;Default;16;3;5000;Direct;SecurePassword;NA;NA
WhereNear_Filter_Indexed;ShortRun;False;Default;Default;Default;Default;Default;Default;11111111111111111111111111111111;Empty;RyuJit;Default;X64;8c5e7fda-e8bf-4a96-9a85-a6e23a8c635c;.NET 8.0;False;True;False;True;Default;Default;False;False;False;Default;Default;Default;Default;Default;Default;Default;Default;3;Default;1;Default;Default;Default;Default;Default;Default;16;3;5000;Direct;SecurePassword;NA;NA
TopKNear_OrderLimit;ShortRun;False;Default;Default;Default;Default;Default;Default;11111111111111111111111111111111;Empty;RyuJit;Default;X64;8c5e7fda-e8bf-4a96-9a85-a6e23a8c635c;.NET 8.0;False;True;False;True;Default;Default;False;False;False;Default;Default;Default;Default;Default;Default;Default;Default;3;Default;1;Default;Default;Default;Default;Default;Default;16;3;5000;Direct;SecurePassword;NA;NA
TopKNear_OrderLimit_Indexed;ShortRun;False;Default;Default;Default;Default;Default;Default;11111111111111111111111111111111;Empty;RyuJit;Default;X64;8c5e7fda-e8bf-4a96-9a85-a6e23a8c635c;.NET 8.0;False;True;False;True;Default;Default;False;False;False;Default;Default;Default;Default;Default;Default;Default;Default;3;Default;1;Default;Default;Default;Default;Default;Default;16;3;5000;Direct;SecurePassword;NA;NA
WhereNear_Filter;Job-ACDQAM;False;Default;Default;Default;Default;Default;Default;11111111111111111111111111111111;Empty;RyuJit;Default;X64;8c5e7fda-e8bf-4a96-9a85-a6e23a8c635c;.NET 8.0;False;True;False;True;Default;Default;False;False;False;Default;Default;Default;Default;Default;.NET 8.0;Default;Default;Default;Default;Default;Default;Default;Default;Default;Default;Default;16;Default;10000;Direct;?;NA;NA
WhereNear_Filter_Indexed;Job-ACDQAM;False;Default;Default;Default;Default;Default;Default;11111111111111111111111111111111;Empty;RyuJit;Default;X64;8c5e7fda-e8bf-4a96-9a85-a6e23a8c635c;.NET 8.0;False;True;False;True;Default;Default;False;False;False;Default;Default;Default;Default;Default;.NET 8.0;Default;Default;Default;Default;Default;Default;Default;Default;Default;Default;Default;16;Default;10000;Direct;?;NA;NA
TopKNear_OrderLimit;Job-ACDQAM;False;Default;Default;Default;Default;Default;Default;11111111111111111111111111111111;Empty;RyuJit;Default;X64;8c5e7fda-e8bf-4a96-9a85-a6e23a8c635c;.NET 8.0;False;True;False;True;Default;Default;False;False;False;Default;Default;Default;Default;Default;.NET 8.0;Default;Default;Default;Default;Default;Default;Default;Default;Default;Default;Default;16;Default;10000;Direct;?;NA;NA
TopKNear_OrderLimit_Indexed;Job-ACDQAM;False;Default;Default;Default;Default;Default;Default;11111111111111111111111111111111;Empty;RyuJit;Default;X64;8c5e7fda-e8bf-4a96-9a85-a6e23a8c635c;.NET 8.0;False;True;False;True;Default;Default;False;False;False;Default;Default;Default;Default;Default;.NET 8.0;Default;Default;Default;Default;Default;Default;Default;Default;Default;Default;Default;16;Default;10000;Direct;?;NA;NA
WhereNear_Filter;ShortRun;False;Default;Default;Default;Default;Default;Default;11111111111111111111111111111111;Empty;RyuJit;Default;X64;8c5e7fda-e8bf-4a96-9a85-a6e23a8c635c;.NET 8.0;False;True;False;True;Default;Default;False;False;False;Default;Default;Default;Default;Default;Default;Default;Default;3;Default;1;Default;Default;Default;Default;Default;Default;16;3;10000;Direct;?;NA;NA
WhereNear_Filter_Indexed;ShortRun;False;Default;Default;Default;Default;Default;Default;11111111111111111111111111111111;Empty;RyuJit;Default;X64;8c5e7fda-e8bf-4a96-9a85-a6e23a8c635c;.NET 8.0;False;True;False;True;Default;Default;False;False;False;Default;Default;Default;Default;Default;Default;Default;Default;3;Default;1;Default;Default;Default;Default;Default;Default;16;3;10000;Direct;?;NA;NA
TopKNear_OrderLimit;ShortRun;False;Default;Default;Default;Default;Default;Default;11111111111111111111111111111111;Empty;RyuJit;Default;X64;8c5e7fda-e8bf-4a96-9a85-a6e23a8c635c;.NET 8.0;False;True;False;True;Default;Default;False;False;False;Default;Default;Default;Default;Default;Default;Default;Default;3;Default;1;Default;Default;Default;Default;Default;Default;16;3;10000;Direct;?;NA;NA
TopKNear_OrderLimit_Indexed;ShortRun;False;Default;Default;Default;Default;Default;Default;11111111111111111111111111111111;Empty;RyuJit;Default;X64;8c5e7fda-e8bf-4a96-9a85-a6e23a8c635c;.NET 8.0;False;True;False;True;Default;Default;False;False;False;Default;Default;Default;Default;Default;Default;Default;Default;3;Default;1;Default;Default;Default;Default;Default;Default;16;3;10000;Direct;?;NA;NA
WhereNear_Filter;Job-ACDQAM;False;Default;Default;Default;Default;Default;Default;11111111111111111111111111111111;Empty;RyuJit;Default;X64;8c5e7fda-e8bf-4a96-9a85-a6e23a8c635c;.NET 8.0;False;True;False;True;Default;Default;False;False;False;Default;Default;Default;Default;Default;.NET 8.0;Default;Default;Default;Default;Default;Default;Default;Default;Default;Default;Default;16;Default;10000;Direct;SecurePassword;NA;NA
WhereNear_Filter_Indexed;Job-ACDQAM;False;Default;Default;Default;Default;Default;Default;11111111111111111111111111111111;Empty;RyuJit;Default;X64;8c5e7fda-e8bf-4a96-9a85-a6e23a8c635c;.NET 8.0;False;True;False;True;Default;Default;False;False;False;Default;Default;Default;Default;Default;.NET 8.0;Default;Default;Default;Default;Default;Default;Default;Default;Default;Default;Default;16;Default;10000;Direct;SecurePassword;NA;NA
TopKNear_OrderLimit;Job-ACDQAM;False;Default;Default;Default;Default;Default;Default;11111111111111111111111111111111;Empty;RyuJit;Default;X64;8c5e7fda-e8bf-4a96-9a85-a6e23a8c635c;.NET 8.0;False;True;False;True;Default;Default;False;False;False;Default;Default;Default;Default;Default;.NET 8.0;Default;Default;Default;Default;Default;Default;Default;Default;Default;Default;Default;16;Default;10000;Direct;SecurePassword;NA;NA
TopKNear_OrderLimit_Indexed;Job-ACDQAM;False;Default;Default;Default;Default;Default;Default;11111111111111111111111111111111;Empty;RyuJit;Default;X64;8c5e7fda-e8bf-4a96-9a85-a6e23a8c635c;.NET 8.0;False;True;False;True;Default;Default;False;False;False;Default;Default;Default;Default;Default;.NET 8.0;Default;Default;Default;Default;Default;Default;Default;Default;Default;Default;Default;16;Default;10000;Direct;SecurePassword;NA;NA
WhereNear_Filter;ShortRun;False;Default;Default;Default;Default;Default;Default;11111111111111111111111111111111;Empty;RyuJit;Default;X64;8c5e7fda-e8bf-4a96-9a85-a6e23a8c635c;.NET 8.0;False;True;False;True;Default;Default;False;False;False;Default;Default;Default;Default;Default;Default;Default;Default;3;Default;1;Default;Default;Default;Default;Default;Default;16;3;10000;Direct;SecurePassword;NA;NA
WhereNear_Filter_Indexed;ShortRun;False;Default;Default;Default;Default;Default;Default;11111111111111111111111111111111;Empty;RyuJit;Default;X64;8c5e7fda-e8bf-4a96-9a85-a6e23a8c635c;.NET 8.0;False;True;False;True;Default;Default;False;False;False;Default;Default;Default;Default;Default;Default;Default;Default;3;Default;1;Default;Default;Default;Default;Default;Default;16;3;10000;Direct;SecurePassword;NA;NA
TopKNear_OrderLimit;ShortRun;False;Default;Default;Default;Default;Default;Default;11111111111111111111111111111111;Empty;RyuJit;Default;X64;8c5e7fda-e8bf-4a96-9a85-a6e23a8c635c;.NET 8.0;False;True;False;True;Default;Default;False;False;False;Default;Default;Default;Default;Default;Default;Default;Default;3;Default;1;Default;Default;Default;Default;Default;Default;16;3;10000;Direct;SecurePassword;NA;NA
TopKNear_OrderLimit_Indexed;ShortRun;False;Default;Default;Default;Default;Default;Default;11111111111111111111111111111111;Empty;RyuJit;Default;X64;8c5e7fda-e8bf-4a96-9a85-a6e23a8c635c;.NET 8.0;False;True;False;True;Default;Default;False;False;False;Default;Default;Default;Default;Default;Default;Default;Default;3;Default;1;Default;Default;Default;Default;Default;Default;16;3;10000;Direct;SecurePassword;NA;NA
