Method;Job;AnalyzeLaunchVariance;EvaluateOverhead;MaxAbsoluteError;MaxRelativeError;MinInvokeCount;MinIterationTime;OutlierMode;Affinity;EnvironmentVariables;Jit;LargeAddressAware;Platform;PowerPlanMode;Runtime;AllowVeryLargeObjects;Concurrent;CpuGroups;Force;HeapAffinitizeMask;HeapCount;NoAffinitize;RetainVm;Server;Arguments;BuildConfiguration;Clock;EngineFactory;NuGetReferences;Toolchain;IsMutator;InvocationCount;IterationCount;IterationTime;LaunchCount;MaxIterationCount;MaxWarmupIterationCount;MemoryRandomization;MinIterationCount;MinWarmupIterationCount;RunStrategy;UnrollFactor;WarmupCount;DatasetSize;ConnectionType;Password;Mean;Error;StdDev;Median;Ratio;RatioSD;Gen0;Gen1;Allocated;Alloc Ratio
NearQuery;Job-ZGYAYN;False;Default;Default;Default;Default;Default;Default;11111111111111111111111111111111;Empty;RyuJit;Default;X64;8c5e7fda-e8bf-4a96-9a85-a6e23a8c635c;.NET 8.0;False;True;False;True;Default;Default;False;False;False;Default;Default;Default;Default;Default;.NET 8.0;Default;Default;Default;Default;Default;Default;Default;Default;Default;Default;Default;16;Default;10;Direct;?;31.66 μs;0.581 μs;1.147 μs;31.29 μs;1.00;0.00;2.6855;2.4414;45.25 KB;1.00
BoundingBoxQuery;Job-ZGYAYN;False;Default;Default;Default;Default;Default;Default;11111111111111111111111111111111;Empty;RyuJit;Default;X64;8c5e7fda-e8bf-4a96-9a85-a6e23a8c635c;.NET 8.0;False;True;False;True;Default;Default;False;False;False;Default;Default;Default;Default;Default;.NET 8.0;Default;Default;Default;Default;Default;Default;Default;Default;Default;Default;Default;16;Default;10;Direct;?;33.23 μs;1.487 μs;4.242 μs;31.14 μs;1.08;0.17;2.6855;2.4414;45 KB;0.99
NearQuery;ShortRun;False;Default;Default;Default;Default;Default;Default;11111111111111111111111111111111;Empty;RyuJit;Default;X64;8c5e7fda-e8bf-4a96-9a85-a6e23a8c635c;.NET 8.0;False;True;False;True;Default;Default;False;False;False;Default;Default;Default;Default;Default;Default;Default;Default;3;Default;1;Default;Default;Default;Default;Default;Default;16;3;10;Direct;?;57.63 μs;439.661 μs;24.099 μs;63.03 μs;1.00;0.00;2.6855;2.4414;45.25 KB;1.00
BoundingBoxQuery;ShortRun;False;Default;Default;Default;Default;Default;Default;11111111111111111111111111111111;Empty;RyuJit;Default;X64;8c5e7fda-e8bf-4a96-9a85-a6e23a8c635c;.NET 8.0;False;True;False;True;Default;Default;False;False;False;Default;Default;Default;Default;Default;Default;Default;Default;3;Default;1;Default;Default;Default;Default;Default;Default;16;3;10;Direct;?;56.86 μs;429.247 μs;23.528 μs;69.57 μs;0.99;0.10;2.6855;2.4414;45 KB;0.99
NearQuery;Job-ZGYAYN;False;Default;Default;Default;Default;Default;Default;11111111111111111111111111111111;Empty;RyuJit;Default;X64;8c5e7fda-e8bf-4a96-9a85-a6e23a8c635c;.NET 8.0;False;True;False;True;Default;Default;False;False;False;Default;Default;Default;Default;Default;.NET 8.0;Default;Default;Default;Default;Default;Default;Default;Default;Default;Default;Default;16;Default;10;Direct;SecurePassword;31.46 μs;0.613 μs;0.859 μs;31.21 μs;1.00;0.00;2.6855;2.4414;45.25 KB;1.00
BoundingBoxQuery;Job-ZGYAYN;False;Default;Default;Default;Default;Default;Default;11111111111111111111111111111111;Empty;RyuJit;Default;X64;8c5e7fda-e8bf-4a96-9a85-a6e23a8c635c;.NET 8.0;False;True;False;True;Default;Default;False;False;False;Default;Default;Default;Default;Default;.NET 8.0;Default;Default;Default;Default;Default;Default;Default;Default;Default;Default;Default;16;Default;10;Direct;SecurePassword;31.08 μs;0.618 μs;1.409 μs;30.66 μs;0.99;0.05;2.6855;2.4414;45 KB;0.99
NearQuery;ShortRun;False;Default;Default;Default;Default;Default;Default;11111111111111111111111111111111;Empty;RyuJit;Default;X64;8c5e7fda-e8bf-4a96-9a85-a6e23a8c635c;.NET 8.0;False;True;False;True;Default;Default;False;False;False;Default;Default;Default;Default;Default;Default;Default;Default;3;Default;1;Default;Default;Default;Default;Default;Default;16;3;10;Direct;SecurePassword;66.48 μs;145.346 μs;7.967 μs;68.22 μs;1.00;0.00;2.6855;2.4414;45.25 KB;1.00
BoundingBoxQuery;ShortRun;False;Default;Default;Default;Default;Default;Default;11111111111111111111111111111111;Empty;RyuJit;Default;X64;8c5e7fda-e8bf-4a96-9a85-a6e23a8c635c;.NET 8.0;False;True;False;True;Default;Default;False;False;False;Default;Default;Default;Default;Default;Default;Default;Default;3;Default;1;Default;Default;Default;Default;Default;Default;16;3;10;Direct;SecurePassword;59.46 μs;461.320 μs;25.286 μs;71.10 μs;0.87;0.30;2.6855;2.4414;45 KB;0.99
NearQuery;Job-ZGYAYN;False;Default;Default;Default;Default;Default;Default;11111111111111111111111111111111;Empty;RyuJit;Default;X64;8c5e7fda-e8bf-4a96-9a85-a6e23a8c635c;.NET 8.0;False;True;False;True;Default;Default;False;False;False;Default;Default;Default;Default;Default;.NET 8.0;Default;Default;Default;Default;Default;Default;Default;Default;Default;Default;Default;16;Default;50;Direct;?;37.69 μs;2.306 μs;6.764 μs;34.53 μs;1.00;0.00;2.9297;2.6855;48.37 KB;1.00
BoundingBoxQuery;Job-ZGYAYN;False;Default;Default;Default;Default;Default;Default;11111111111111111111111111111111;Empty;RyuJit;Default;X64;8c5e7fda-e8bf-4a96-9a85-a6e23a8c635c;.NET 8.0;False;True;False;True;Default;Default;False;False;False;Default;Default;Default;Default;Default;.NET 8.0;Default;Default;Default;Default;Default;Default;Default;Default;Default;Default;Default;16;Default;50;Direct;?;30.48 μs;0.490 μs;0.896 μs;30.32 μs;0.90;0.09;2.9297;2.6855;48 KB;0.99
NearQuery;ShortRun;False;Default;Default;Default;Default;Default;Default;11111111111111111111111111111111;Empty;RyuJit;Default;X64;8c5e7fda-e8bf-4a96-9a85-a6e23a8c635c;.NET 8.0;False;True;False;True;Default;Default;False;False;False;Default;Default;Default;Default;Default;Default;Default;Default;3;Default;1;Default;Default;Default;Default;Default;Default;16;3;50;Direct;?;53.66 μs;512.053 μs;28.067 μs;43.88 μs;1.00;0.00;2.9297;2.6855;48.4 KB;1.00
BoundingBoxQuery;ShortRun;False;Default;Default;Default;Default;Default;Default;11111111111111111111111111111111;Empty;RyuJit;Default;X64;8c5e7fda-e8bf-4a96-9a85-a6e23a8c635c;.NET 8.0;False;True;False;True;Default;Default;False;False;False;Default;Default;Default;Default;Default;Default;Default;Default;3;Default;1;Default;Default;Default;Default;Default;Default;16;3;50;Direct;?;58.79 μs;278.950 μs;15.290 μs;51.33 μs;1.21;0.37;2.9297;2.6855;48 KB;0.99
NearQuery;Job-ZGYAYN;False;Default;Default;Default;Default;Default;Default;11111111111111111111111111111111;Empty;RyuJit;Default;X64;8c5e7fda-e8bf-4a96-9a85-a6e23a8c635c;.NET 8.0;False;True;False;True;Default;Default;False;False;False;Default;Default;Default;Default;Default;.NET 8.0;Default;Default;Default;Default;Default;Default;Default;Default;Default;Default;Default;16;Default;50;Direct;SecurePassword;32.61 μs;0.590 μs;1.078 μs;32.21 μs;1.00;0.00;2.9297;2.6855;48.26 KB;1.00
BoundingBoxQuery;Job-ZGYAYN;False;Default;Default;Default;Default;Default;Default;11111111111111111111111111111111;Empty;RyuJit;Default;X64;8c5e7fda-e8bf-4a96-9a85-a6e23a8c635c;.NET 8.0;False;True;False;True;Default;Default;False;False;False;Default;Default;Default;Default;Default;.NET 8.0;Default;Default;Default;Default;Default;Default;Default;Default;Default;Default;Default;16;Default;50;Direct;SecurePassword;31.18 μs;0.621 μs;1.475 μs;30.74 μs;0.96;0.05;2.9297;2.6855;48 KB;0.99
NearQuery;ShortRun;False;Default;Default;Default;Default;Default;Default;11111111111111111111111111111111;Empty;RyuJit;Default;X64;8c5e7fda-e8bf-4a96-9a85-a6e23a8c635c;.NET 8.0;False;True;False;True;Default;Default;False;False;False;Default;Default;Default;Default;Default;Default;Default;Default;3;Default;1;Default;Default;Default;Default;Default;Default;16;3;50;Direct;SecurePassword;50.50 μs;382.778 μs;20.981 μs;41.83 μs;1.00;0.00;2.9297;2.6855;48.25 KB;1.00
BoundingBoxQuery;ShortRun;False;Default;Default;Default;Default;Default;Default;11111111111111111111111111111111;Empty;RyuJit;Default;X64;8c5e7fda-e8bf-4a96-9a85-a6e23a8c635c;.NET 8.0;False;True;False;True;Default;Default;False;False;False;Default;Default;Default;Default;Default;Default;Default;Default;3;Default;1;Default;Default;Default;Default;Default;Default;16;3;50;Direct;SecurePassword;63.28 μs;280.589 μs;15.380 μs;62.84 μs;1.31;0.23;2.9297;2.6855;48 KB;0.99
NearQuery;Job-ZGYAYN;False;Default;Default;Default;Default;Default;Default;11111111111111111111111111111111;Empty;RyuJit;Default;X64;8c5e7fda-e8bf-4a96-9a85-a6e23a8c635c;.NET 8.0;False;True;False;True;Default;Default;False;False;False;Default;Default;Default;Default;Default;.NET 8.0;Default;Default;Default;Default;Default;Default;Default;Default;Default;Default;Default;16;Default;100;Direct;?;32.15 μs;0.458 μs;0.509 μs;32.08 μs;1.00;0.00;2.9297;2.6855;49.52 KB;1.00
BoundingBoxQuery;Job-ZGYAYN;False;Default;Default;Default;Default;Default;Default;11111111111111111111111111111111;Empty;RyuJit;Default;X64;8c5e7fda-e8bf-4a96-9a85-a6e23a8c635c;.NET 8.0;False;True;False;True;Default;Default;False;False;False;Default;Default;Default;Default;Default;.NET 8.0;Default;Default;Default;Default;Default;Default;Default;Default;Default;Default;Default;16;Default;100;Direct;?;31.29 μs;0.613 μs;1.025 μs;30.89 μs;0.99;0.04;2.9297;2.6855;49 KB;0.99
NearQuery;ShortRun;False;Default;Default;Default;Default;Default;Default;11111111111111111111111111111111;Empty;RyuJit;Default;X64;8c5e7fda-e8bf-4a96-9a85-a6e23a8c635c;.NET 8.0;False;True;False;True;Default;Default;False;False;False;Default;Default;Default;Default;Default;Default;Default;Default;3;Default;1;Default;Default;Default;Default;Default;Default;16;3;100;Direct;?;56.01 μs;391.393 μs;21.454 μs;67.33 μs;1.00;0.00;2.9297;2.6855;49.25 KB;1.00
BoundingBoxQuery;ShortRun;False;Default;Default;Default;Default;Default;Default;11111111111111111111111111111111;Empty;RyuJit;Default;X64;8c5e7fda-e8bf-4a96-9a85-a6e23a8c635c;.NET 8.0;False;True;False;True;Default;Default;False;False;False;Default;Default;Default;Default;Default;Default;Default;Default;3;Default;1;Default;Default;Default;Default;Default;Default;16;3;100;Direct;?;48.67 μs;260.800 μs;14.295 μs;53.25 μs;0.90;0.13;2.9297;2.6855;49.14 KB;1.00
NearQuery;Job-ZGYAYN;False;Default;Default;Default;Default;Default;Default;11111111111111111111111111111111;Empty;RyuJit;Default;X64;8c5e7fda-e8bf-4a96-9a85-a6e23a8c635c;.NET 8.0;False;True;False;True;Default;Default;False;False;False;Default;Default;Default;Default;Default;.NET 8.0;Default;Default;Default;Default;Default;Default;Default;Default;Default;Default;Default;16;Default;100;Direct;SecurePassword;32.10 μs;0.559 μs;1.117 μs;31.61 μs;1.00;0.00;2.9297;2.6855;49.26 KB;1.00
BoundingBoxQuery;Job-ZGYAYN;False;Default;Default;Default;Default;Default;Default;11111111111111111111111111111111;Empty;RyuJit;Default;X64;8c5e7fda-e8bf-4a96-9a85-a6e23a8c635c;.NET 8.0;False;True;False;True;Default;Default;False;False;False;Default;Default;Default;Default;Default;.NET 8.0;Default;Default;Default;Default;Default;Default;Default;Default;Default;Default;Default;16;Default;100;Direct;SecurePassword;31.86 μs;0.617 μs;1.491 μs;31.26 μs;0.99;0.05;2.9297;2.6855;49 KB;0.99
NearQuery;ShortRun;False;Default;Default;Default;Default;Default;Default;11111111111111111111111111111111;Empty;RyuJit;Default;X64;8c5e7fda-e8bf-4a96-9a85-a6e23a8c635c;.NET 8.0;False;True;False;True;Default;Default;False;False;False;Default;Default;Default;Default;Default;Default;Default;Default;3;Default;1;Default;Default;Default;Default;Default;Default;16;3;100;Direct;SecurePassword;64.25 μs;201.076 μs;11.022 μs;60.51 μs;1.00;0.00;2.9297;2.6855;49.25 KB;1.00
BoundingBoxQuery;ShortRun;False;Default;Default;Default;Default;Default;Default;11111111111111111111111111111111;Empty;RyuJit;Default;X64;8c5e7fda-e8bf-4a96-9a85-a6e23a8c635c;.NET 8.0;False;True;False;True;Default;Default;False;False;False;Default;Default;Default;Default;Default;Default;Default;Default;3;Default;1;Default;Default;Default;Default;Default;Default;16;3;100;Direct;SecurePassword;62.21 μs;332.216 μs;18.210 μs;67.54 μs;0.96;0.19;2.9297;2.6855;49 KB;0.99
NearQuery;Job-ZGYAYN;False;Default;Default;Default;Default;Default;Default;11111111111111111111111111111111;Empty;RyuJit;Default;X64;8c5e7fda-e8bf-4a96-9a85-a6e23a8c635c;.NET 8.0;False;True;False;True;Default;Default;False;False;False;Default;Default;Default;Default;Default;.NET 8.0;Default;Default;Default;Default;Default;Default;Default;Default;Default;Default;Default;16;Default;500;Direct;?;34.17 μs;0.681 μs;1.819 μs;33.44 μs;1.00;0.00;3.6621;3.4180;60.23 KB;1.00
BoundingBoxQuery;Job-ZGYAYN;False;Default;Default;Default;Default;Default;Default;11111111111111111111111111111111;Empty;RyuJit;Default;X64;8c5e7fda-e8bf-4a96-9a85-a6e23a8c635c;.NET 8.0;False;True;False;True;Default;Default;False;False;False;Default;Default;Default;Default;Default;.NET 8.0;Default;Default;Default;Default;Default;Default;Default;Default;Default;Default;Default;16;Default;500;Direct;?;32.43 μs;0.596 μs;1.580 μs;31.80 μs;0.95;0.07;3.6621;3.4180;59.97 KB;1.00
NearQuery;ShortRun;False;Default;Default;Default;Default;Default;Default;11111111111111111111111111111111;Empty;RyuJit;Default;X64;8c5e7fda-e8bf-4a96-9a85-a6e23a8c635c;.NET 8.0;False;True;False;True;Default;Default;False;False;False;Default;Default;Default;Default;Default;Default;Default;Default;3;Default;1;Default;Default;Default;Default;Default;Default;16;3;500;Direct;?;50.65 μs;539.133 μs;29.552 μs;33.75 μs;1.00;0.00;3.6621;3.4180;60.22 KB;1.00
BoundingBoxQuery;ShortRun;False;Default;Default;Default;Default;Default;Default;11111111111111111111111111111111;Empty;RyuJit;Default;X64;8c5e7fda-e8bf-4a96-9a85-a6e23a8c635c;.NET 8.0;False;True;False;True;Default;Default;False;False;False;Default;Default;Default;Default;Default;Default;Default;Default;3;Default;1;Default;Default;Default;Default;Default;Default;16;3;500;Direct;?;51.59 μs;441.212 μs;24.184 μs;43.35 μs;1.06;0.19;3.6621;3.4180;59.97 KB;1.00
NearQuery;Job-ZGYAYN;False;Default;Default;Default;Default;Default;Default;11111111111111111111111111111111;Empty;RyuJit;Default;X64;8c5e7fda-e8bf-4a96-9a85-a6e23a8c635c;.NET 8.0;False;True;False;True;Default;Default;False;False;False;Default;Default;Default;Default;Default;.NET 8.0;Default;Default;Default;Default;Default;Default;Default;Default;Default;Default;Default;16;Default;500;Direct;SecurePassword;38.63 μs;2.174 μs;6.203 μs;36.06 μs;1.00;0.00;3.6621;3.4180;60.37 KB;1.00
BoundingBoxQuery;Job-ZGYAYN;False;Default;Default;Default;Default;Default;Default;11111111111111111111111111111111;Empty;RyuJit;Default;X64;8c5e7fda-e8bf-4a96-9a85-a6e23a8c635c;.NET 8.0;False;True;False;True;Default;Default;False;False;False;Default;Default;Default;Default;Default;.NET 8.0;Default;Default;Default;Default;Default;Default;Default;Default;Default;Default;Default;16;Default;500;Direct;SecurePassword;32.31 μs;0.498 μs;0.416 μs;32.30 μs;0.94;0.05;3.6621;3.4180;59.97 KB;0.99
NearQuery;ShortRun;False;Default;Default;Default;Default;Default;Default;11111111111111111111111111111111;Empty;RyuJit;Default;X64;8c5e7fda-e8bf-4a96-9a85-a6e23a8c635c;.NET 8.0;False;True;False;True;Default;Default;False;False;False;Default;Default;Default;Default;Default;Default;Default;Default;3;Default;1;Default;Default;Default;Default;Default;Default;16;3;500;Direct;SecurePassword;63.87 μs;493.284 μs;27.039 μs;71.60 μs;1.00;0.00;3.6621;3.4180;60.22 KB;1.00
BoundingBoxQuery;ShortRun;False;Default;Default;Default;Default;Default;Default;11111111111111111111111111111111;Empty;RyuJit;Default;X64;8c5e7fda-e8bf-4a96-9a85-a6e23a8c635c;.NET 8.0;False;True;False;True;Default;Default;False;False;False;Default;Default;Default;Default;Default;Default;Default;Default;3;Default;1;Default;Default;Default;Default;Default;Default;16;3;500;Direct;SecurePassword;47.53 μs;477.165 μs;26.155 μs;33.27 μs;0.81;0.39;3.6621;3.4180;59.97 KB;1.00
NearQuery;Job-ZGYAYN;False;Default;Default;Default;Default;Default;Default;11111111111111111111111111111111;Empty;RyuJit;Default;X64;8c5e7fda-e8bf-4a96-9a85-a6e23a8c635c;.NET 8.0;False;True;False;True;Default;Default;False;False;False;Default;Default;Default;Default;Default;.NET 8.0;Default;Default;Default;Default;Default;Default;Default;Default;Default;Default;Default;16;Default;1000;Direct;?;34.80 μs;0.713 μs;1.998 μs;34.09 μs;1.00;0.00;3.6621;3.4180;63.48 KB;1.00
BoundingBoxQuery;Job-ZGYAYN;False;Default;Default;Default;Default;Default;Default;11111111111111111111111111111111;Empty;RyuJit;Default;X64;8c5e7fda-e8bf-4a96-9a85-a6e23a8c635c;.NET 8.0;False;True;False;True;Default;Default;False;False;False;Default;Default;Default;Default;Default;.NET 8.0;Default;Default;Default;Default;Default;Default;Default;Default;Default;Default;Default;16;Default;1000;Direct;?;33.04 μs;0.602 μs;0.533 μs;32.90 μs;0.95;0.05;3.6621;3.4180;63.23 KB;1.00
NearQuery;ShortRun;False;Default;Default;Default;Default;Default;Default;11111111111111111111111111111111;Empty;RyuJit;Default;X64;8c5e7fda-e8bf-4a96-9a85-a6e23a8c635c;.NET 8.0;False;True;False;True;Default;Default;False;False;False;Default;Default;Default;Default;Default;Default;Default;Default;3;Default;1;Default;Default;Default;Default;Default;Default;16;3;1000;Direct;?;56.33 μs;358.755 μs;19.665 μs;59.55 μs;1.00;0.00;3.6621;3.4180;63.47 KB;1.00
BoundingBoxQuery;ShortRun;False;Default;Default;Default;Default;Default;Default;11111111111111111111111111111111;Empty;RyuJit;Default;X64;8c5e7fda-e8bf-4a96-9a85-a6e23a8c635c;.NET 8.0;False;True;False;True;Default;Default;False;False;False;Default;Default;Default;Default;Default;Default;Default;Default;3;Default;1;Default;Default;Default;Default;Default;Default;16;3;1000;Direct;?;39.26 μs;126.831 μs;6.952 μs;37.69 μs;0.75;0.22;3.6621;3.4180;63.22 KB;1.00
NearQuery;Job-ZGYAYN;False;Default;Default;Default;Default;Default;Default;11111111111111111111111111111111;Empty;RyuJit;Default;X64;8c5e7fda-e8bf-4a96-9a85-a6e23a8c635c;.NET 8.0;False;True;False;True;Default;Default;False;False;False;Default;Default;Default;Default;Default;.NET 8.0;Default;Default;Default;Default;Default;Default;Default;Default;Default;Default;Default;16;Default;1000;Direct;SecurePassword;33.36 μs;0.631 μs;0.560 μs;33.29 μs;1.00;0.00;3.6621;3.4180;63.64 KB;1.00
BoundingBoxQuery;Job-ZGYAYN;False;Default;Default;Default;Default;Default;Default;11111111111111111111111111111111;Empty;RyuJit;Default;X64;8c5e7fda-e8bf-4a96-9a85-a6e23a8c635c;.NET 8.0;False;True;False;True;Default;Default;False;False;False;Default;Default;Default;Default;Default;.NET 8.0;Default;Default;Default;Default;Default;Default;Default;Default;Default;Default;Default;16;Default;1000;Direct;SecurePassword;33.49 μs;0.612 μs;1.547 μs;32.91 μs;1.01;0.05;3.6621;3.4180;63.34 KB;1.00
NearQuery;ShortRun;False;Default;Default;Default;Default;Default;Default;11111111111111111111111111111111;Empty;RyuJit;Default;X64;8c5e7fda-e8bf-4a96-9a85-a6e23a8c635c;.NET 8.0;False;True;False;True;Default;Default;False;False;False;Default;Default;Default;Default;Default;Default;Default;Default;3;Default;1;Default;Default;Default;Default;Default;Default;16;3;1000;Direct;SecurePassword;54.25 μs;258.550 μs;14.172 μs;55.23 μs;1.00;0.00;3.6621;3.4180;63.47 KB;1.00
BoundingBoxQuery;ShortRun;False;Default;Default;Default;Default;Default;Default;11111111111111111111111111111111;Empty;RyuJit;Default;X64;8c5e7fda-e8bf-4a96-9a85-a6e23a8c635c;.NET 8.0;False;True;False;True;Default;Default;False;False;False;Default;Default;Default;Default;Default;Default;Default;Default;3;Default;1;Default;Default;Default;Default;Default;Default;16;3;1000;Direct;SecurePassword;52.98 μs;393.687 μs;21.579 μs;50.41 μs;0.95;0.15;3.6621;3.4180;63.22 KB;1.00
NearQuery;Job-ZGYAYN;False;Default;Default;Default;Default;Default;Default;11111111111111111111111111111111;Empty;RyuJit;Default;X64;8c5e7fda-e8bf-4a96-9a85-a6e23a8c635c;.NET 8.0;False;True;False;True;Default;Default;False;False;False;Default;Default;Default;Default;Default;.NET 8.0;Default;Default;Default;Default;Default;Default;Default;Default;Default;Default;Default;16;Default;5000;Direct;?;35.77 μs;0.652 μs;1.332 μs;35.42 μs;1.00;0.00;3.9063;3.6621;66.56 KB;1.00
BoundingBoxQuery;Job-ZGYAYN;False;Default;Default;Default;Default;Default;Default;11111111111111111111111111111111;Empty;RyuJit;Default;X64;8c5e7fda-e8bf-4a96-9a85-a6e23a8c635c;.NET 8.0;False;True;False;True;Default;Default;False;False;False;Default;Default;Default;Default;Default;.NET 8.0;Default;Default;Default;Default;Default;Default;Default;Default;Default;Default;Default;16;Default;5000;Direct;?;33.81 μs;0.674 μs;1.249 μs;33.43 μs;0.94;0.05;3.9063;3.6621;66.31 KB;1.00
NearQuery;ShortRun;False;Default;Default;Default;Default;Default;Default;11111111111111111111111111111111;Empty;RyuJit;Default;X64;8c5e7fda-e8bf-4a96-9a85-a6e23a8c635c;.NET 8.0;False;True;False;True;Default;Default;False;False;False;Default;Default;Default;Default;Default;Default;Default;Default;3;Default;1;Default;Default;Default;Default;Default;Default;16;3;5000;Direct;?;50.78 μs;138.716 μs;7.603 μs;49.14 μs;1.00;0.00;3.9063;3.6621;66.55 KB;1.00
BoundingBoxQuery;ShortRun;False;Default;Default;Default;Default;Default;Default;11111111111111111111111111111111;Empty;RyuJit;Default;X64;8c5e7fda-e8bf-4a96-9a85-a6e23a8c635c;.NET 8.0;False;True;False;True;Default;Default;False;False;False;Default;Default;Default;Default;Default;Default;Default;Default;3;Default;1;Default;Default;Default;Default;Default;Default;16;3;5000;Direct;?;50.54 μs;339.843 μs;18.628 μs;48.83 μs;1.00;0.37;3.9063;3.6621;66.3 KB;1.00
NearQuery;Job-ZGYAYN;False;Default;Default;Default;Default;Default;Default;11111111111111111111111111111111;Empty;RyuJit;Default;X64;8c5e7fda-e8bf-4a96-9a85-a6e23a8c635c;.NET 8.0;False;True;False;True;Default;Default;False;False;False;Default;Default;Default;Default;Default;.NET 8.0;Default;Default;Default;Default;Default;Default;Default;Default;Default;Default;Default;16;Default;5000;Direct;SecurePassword;36.08 μs;0.772 μs;2.204 μs;35.10 μs;1.00;0.00;3.9063;3.6621;66.68 KB;1.00
BoundingBoxQuery;Job-ZGYAYN;False;Default;Default;Default;Default;Default;Default;11111111111111111111111111111111;Empty;RyuJit;Default;X64;8c5e7fda-e8bf-4a96-9a85-a6e23a8c635c;.NET 8.0;False;True;False;True;Default;Default;False;False;False;Default;Default;Default;Default;Default;.NET 8.0;Default;Default;Default;Default;Default;Default;Default;Default;Default;Default;Default;16;Default;5000;Direct;SecurePassword;34.04 μs;0.680 μs;1.719 μs;33.28 μs;0.95;0.08;3.9063;3.6621;66.44 KB;1.00
NearQuery;ShortRun;False;Default;Default;Default;Default;Default;Default;11111111111111111111111111111111;Empty;RyuJit;Default;X64;8c5e7fda-e8bf-4a96-9a85-a6e23a8c635c;.NET 8.0;False;True;False;True;Default;Default;False;False;False;Default;Default;Default;Default;Default;Default;Default;Default;3;Default;1;Default;Default;Default;Default;Default;Default;16;3;5000;Direct;SecurePassword;56.45 μs;487.130 μs;26.701 μs;49.57 μs;1.00;0.00;3.9063;3.6621;66.55 KB;1.00
BoundingBoxQuery;ShortRun;False;Default;Default;Default;Default;Default;Default;11111111111111111111111111111111;Empty;RyuJit;Default;X64;8c5e7fda-e8bf-4a96-9a85-a6e23a8c635c;.NET 8.0;False;True;False;True;Default;Default;False;False;False;Default;Default;Default;Default;Default;Default;Default;Default;3;Default;1;Default;Default;Default;Default;Default;Default;16;3;5000;Direct;SecurePassword;56.24 μs;168.120 μs;9.215 μs;52.40 μs;1.10;0.35;3.9063;3.6621;66.3 KB;1.00
NearQuery;Job-ZGYAYN;False;Default;Default;Default;Default;Default;Default;11111111111111111111111111111111;Empty;RyuJit;Default;X64;8c5e7fda-e8bf-4a96-9a85-a6e23a8c635c;.NET 8.0;False;True;False;True;Default;Default;False;False;False;Default;Default;Default;Default;Default;.NET 8.0;Default;Default;Default;Default;Default;Default;Default;Default;Default;Default;Default;16;Default;10000;Direct;?;41.34 μs;2.783 μs;8.162 μs;37.67 μs;1.00;0.00;4.1504;1.9531;71.36 KB;1.00
BoundingBoxQuery;Job-ZGYAYN;False;Default;Default;Default;Default;Default;Default;11111111111111111111111111111111;Empty;RyuJit;Default;X64;8c5e7fda-e8bf-4a96-9a85-a6e23a8c635c;.NET 8.0;False;True;False;True;Default;Default;False;False;False;Default;Default;Default;Default;Default;.NET 8.0;Default;Default;Default;Default;Default;Default;Default;Default;Default;Default;Default;16;Default;10000;Direct;?;34.83 μs;0.676 μs;0.565 μs;34.80 μs;0.77;0.16;4.1504;1.9531;71.1 KB;1.00
NearQuery;ShortRun;False;Default;Default;Default;Default;Default;Default;11111111111111111111111111111111;Empty;RyuJit;Default;X64;8c5e7fda-e8bf-4a96-9a85-a6e23a8c635c;.NET 8.0;False;True;False;True;Default;Default;False;False;False;Default;Default;Default;Default;Default;Default;Default;Default;3;Default;1;Default;Default;Default;Default;Default;Default;16;3;10000;Direct;?;52.81 μs;261.640 μs;14.341 μs;53.71 μs;1.00;0.00;4.1504;1.9531;71.35 KB;1.00
BoundingBoxQuery;ShortRun;False;Default;Default;Default;Default;Default;Default;11111111111111111111111111111111;Empty;RyuJit;Default;X64;8c5e7fda-e8bf-4a96-9a85-a6e23a8c635c;.NET 8.0;False;True;False;True;Default;Default;False;False;False;Default;Default;Default;Default;Default;Default;Default;Default;3;Default;1;Default;Default;Default;Default;Default;Default;16;3;10000;Direct;?;48.90 μs;279.777 μs;15.336 μs;40.07 μs;0.93;0.16;4.1504;1.9531;71.1 KB;1.00
NearQuery;Job-ZGYAYN;False;Default;Default;Default;Default;Default;Default;11111111111111111111111111111111;Empty;RyuJit;Default;X64;8c5e7fda-e8bf-4a96-9a85-a6e23a8c635c;.NET 8.0;False;True;False;True;Default;Default;False;False;False;Default;Default;Default;Default;Default;.NET 8.0;Default;Default;Default;Default;Default;Default;Default;Default;Default;Default;Default;16;Default;10000;Direct;SecurePassword;36.28 μs;0.628 μs;0.616 μs;36.18 μs;1.00;0.00;4.1504;1.9531;71.36 KB;1.00
BoundingBoxQuery;Job-ZGYAYN;False;Default;Default;Default;Default;Default;Default;11111111111111111111111111111111;Empty;RyuJit;Default;X64;8c5e7fda-e8bf-4a96-9a85-a6e23a8c635c;.NET 8.0;False;True;False;True;Default;Default;False;False;False;Default;Default;Default;Default;Default;.NET 8.0;Default;Default;Default;Default;Default;Default;Default;Default;Default;Default;Default;16;Default;10000;Direct;SecurePassword;36.14 μs;0.908 μs;2.561 μs;35.05 μs;0.97;0.05;4.1504;1.9531;71.22 KB;1.00
NearQuery;ShortRun;False;Default;Default;Default;Default;Default;Default;11111111111111111111111111111111;Empty;RyuJit;Default;X64;8c5e7fda-e8bf-4a96-9a85-a6e23a8c635c;.NET 8.0;False;True;False;True;Default;Default;False;False;False;Default;Default;Default;Default;Default;Default;Default;Default;3;Default;1;Default;Default;Default;Default;Default;Default;16;3;10000;Direct;SecurePassword;45.45 μs;135.767 μs;7.442 μs;45.04 μs;1.00;0.00;4.1504;1.9531;71.35 KB;1.00
BoundingBoxQuery;ShortRun;False;Default;Default;Default;Default;Default;Default;11111111111111111111111111111111;Empty;RyuJit;Default;X64;8c5e7fda-e8bf-4a96-9a85-a6e23a8c635c;.NET 8.0;False;True;False;True;Default;Default;False;False;False;Default;Default;Default;Default;Default;Default;Default;Default;3;Default;1;Default;Default;Default;Default;Default;Default;16;3;10000;Direct;SecurePassword;34.81 μs;25.622 μs;1.404 μs;34.88 μs;0.78;0.11;4.1504;1.9531;71.1 KB;1.00
