Method;Job;AnalyzeLaunchVariance;EvaluateOverhead;MaxAbsoluteError;MaxRelativeError;MinInvokeCount;MinIterationTime;OutlierMode;Affinity;EnvironmentVariables;Jit;LargeAddressAware;Platform;PowerPlanMode;Runtime;AllowVeryLargeObjects;Concurrent;CpuGroups;Force;HeapAffinitizeMask;HeapCount;NoAffinitize;RetainVm;Server;Arguments;BuildConfiguration;Clock;EngineFactory;NuGetReferences;Toolchain;IsMutator;InvocationCount;IterationCount;IterationTime;LaunchCount;MaxIterationCount;MaxWarmupIterationCount;MemoryRandomization;MinIterationCount;MinWarmupIterationCount;RunStrategy;UnrollFactor;WarmupCount;DatasetSize;ConnectionType;Password;Mean;Error;StdDev;Median;Ratio;RatioSD;Gen0;Gen1;Gen2;Allocated;Alloc Ratio
FindWithExpression;Job-ACDQAM;False;Default;Default;Default;Default;Default;Default;11111111111111111111111111111111;Empty;RyuJit;Default;X64;8c5e7fda-e8bf-4a96-9a85-a6e23a8c635c;.NET 8.0;False;True;False;True;Default;Default;False;False;False;Default;Default;Default;Default;Default;.NET 8.0;Default;Default;Default;Default;Default;Default;Default;Default;Default;Default;Default;16;Default;10;Direct;?;53.249 μs;1.0178 μs;0.8499 μs;53.350 μs;1.00;0.00;11.2305;0.9766;0.0000;186.21 KB;1.00
FindWithQuery;Job-ACDQAM;False;Default;Default;Default;Default;Default;Default;11111111111111111111111111111111;Empty;RyuJit;Default;X64;8c5e7fda-e8bf-4a96-9a85-a6e23a8c635c;.NET 8.0;False;True;False;True;Default;Default;False;False;False;Default;Default;Default;Default;Default;.NET 8.0;Default;Default;Default;Default;Default;Default;Default;Default;Default;Default;Default;16;Default;10;Direct;?;50.771 μs;1.0152 μs;1.2086 μs;50.355 μs;0.95;0.03;10.7422;0.9766;0.0000;182.74 KB;0.98
FindWithIndexExpression;Job-ACDQAM;False;Default;Default;Default;Default;Default;Default;11111111111111111111111111111111;Empty;RyuJit;Default;X64;8c5e7fda-e8bf-4a96-9a85-a6e23a8c635c;.NET 8.0;False;True;False;True;Default;Default;False;False;False;Default;Default;Default;Default;Default;.NET 8.0;Default;Default;Default;Default;Default;Default;Default;Default;Default;Default;Default;16;Default;10;Direct;?;11.398 μs;0.2184 μs;0.2427 μs;11.300 μs;0.21;0.01;1.8311;0.0000;0.0000;30.27 KB;0.16
FindWithIndexQuery;Job-ACDQAM;False;Default;Default;Default;Default;Default;Default;11111111111111111111111111111111;Empty;RyuJit;Default;X64;8c5e7fda-e8bf-4a96-9a85-a6e23a8c635c;.NET 8.0;False;True;False;True;Default;Default;False;False;False;Default;Default;Default;Default;Default;.NET 8.0;Default;Default;Default;Default;Default;Default;Default;Default;Default;Default;Default;16;Default;10;Direct;?;10.070 μs;0.5255 μs;1.5413 μs;9.405 μs;0.18;0.03;1.5869;0.0000;0.0000;26.8 KB;0.14
FindWithExpression;ShortRun;False;Default;Default;Default;Default;Default;Default;11111111111111111111111111111111;Empty;RyuJit;Default;X64;8c5e7fda-e8bf-4a96-9a85-a6e23a8c635c;.NET 8.0;False;True;False;True;Default;Default;False;False;False;Default;Default;Default;Default;Default;Default;Default;Default;3;Default;1;Default;Default;Default;Default;Default;Default;16;3;10;Direct;?;69.202 μs;236.8814 μs;12.9843 μs;71.573 μs;1.00;0.00;11.2305;0.9766;0.0000;186.21 KB;1.00
FindWithQuery;ShortRun;False;Default;Default;Default;Default;Default;Default;11111111111111111111111111111111;Empty;RyuJit;Default;X64;8c5e7fda-e8bf-4a96-9a85-a6e23a8c635c;.NET 8.0;False;True;False;True;Default;Default;False;False;False;Default;Default;Default;Default;Default;Default;Default;Default;3;Default;1;Default;Default;Default;Default;Default;Default;16;3;10;Direct;?;75.060 μs;194.7515 μs;10.6750 μs;73.798 μs;1.13;0.38;10.7422;0.9766;0.0000;182.74 KB;0.98
FindWithIndexExpression;ShortRun;False;Default;Default;Default;Default;Default;Default;11111111111111111111111111111111;Empty;RyuJit;Default;X64;8c5e7fda-e8bf-4a96-9a85-a6e23a8c635c;.NET 8.0;False;True;False;True;Default;Default;False;False;False;Default;Default;Default;Default;Default;Default;Default;Default;3;Default;1;Default;Default;Default;Default;Default;Default;16;3;10;Direct;?;24.045 μs;106.2798 μs;5.8256 μs;21.719 μs;0.36;0.10;1.8311;0.0000;0.0000;30.27 KB;0.16
FindWithIndexQuery;ShortRun;False;Default;Default;Default;Default;Default;Default;11111111111111111111111111111111;Empty;RyuJit;Default;X64;8c5e7fda-e8bf-4a96-9a85-a6e23a8c635c;.NET 8.0;False;True;False;True;Default;Default;False;False;False;Default;Default;Default;Default;Default;Default;Default;Default;3;Default;1;Default;Default;Default;Default;Default;Default;16;3;10;Direct;?;9.550 μs;19.6315 μs;1.0761 μs;8.962 μs;0.14;0.05;1.5869;0.0000;0.0000;26.8 KB;0.14
FindWithExpression;Job-ACDQAM;False;Default;Default;Default;Default;Default;Default;11111111111111111111111111111111;Empty;RyuJit;Default;X64;8c5e7fda-e8bf-4a96-9a85-a6e23a8c635c;.NET 8.0;False;True;False;True;Default;Default;False;False;False;Default;Default;Default;Default;Default;.NET 8.0;Default;Default;Default;Default;Default;Default;Default;Default;Default;Default;Default;16;Default;10;Direct;SecurePassword;54.378 μs;1.0734 μs;2.4008 μs;53.513 μs;1.00;0.00;11.2305;0.9766;0.0000;186.21 KB;1.00
FindWithQuery;Job-ACDQAM;False;Default;Default;Default;Default;Default;Default;11111111111111111111111111111111;Empty;RyuJit;Default;X64;8c5e7fda-e8bf-4a96-9a85-a6e23a8c635c;.NET 8.0;False;True;False;True;Default;Default;False;False;False;Default;Default;Default;Default;Default;.NET 8.0;Default;Default;Default;Default;Default;Default;Default;Default;Default;Default;Default;16;Default;10;Direct;SecurePassword;50.721 μs;0.9913 μs;0.7739 μs;50.339 μs;0.92;0.05;10.7422;0.9766;0.0000;182.74 KB;0.98
FindWithIndexExpression;Job-ACDQAM;False;Default;Default;Default;Default;Default;Default;11111111111111111111111111111111;Empty;RyuJit;Default;X64;8c5e7fda-e8bf-4a96-9a85-a6e23a8c635c;.NET 8.0;False;True;False;True;Default;Default;False;False;False;Default;Default;Default;Default;Default;.NET 8.0;Default;Default;Default;Default;Default;Default;Default;Default;Default;Default;Default;16;Default;10;Direct;SecurePassword;11.103 μs;0.2186 μs;0.2245 μs;11.076 μs;0.20;0.01;1.8311;0.0000;0.0000;30.27 KB;0.16
FindWithIndexQuery;Job-ACDQAM;False;Default;Default;Default;Default;Default;Default;11111111111111111111111111111111;Empty;RyuJit;Default;X64;8c5e7fda-e8bf-4a96-9a85-a6e23a8c635c;.NET 8.0;False;True;False;True;Default;Default;False;False;False;Default;Default;Default;Default;Default;.NET 8.0;Default;Default;Default;Default;Default;Default;Default;Default;Default;Default;Default;16;Default;10;Direct;SecurePassword;8.897 μs;0.1637 μs;0.1451 μs;8.869 μs;0.16;0.01;1.5869;0.0000;0.0000;26.8 KB;0.14
FindWithExpression;ShortRun;False;Default;Default;Default;Default;Default;Default;11111111111111111111111111111111;Empty;RyuJit;Default;X64;8c5e7fda-e8bf-4a96-9a85-a6e23a8c635c;.NET 8.0;False;True;False;True;Default;Default;False;False;False;Default;Default;Default;Default;Default;Default;Default;Default;3;Default;1;Default;Default;Default;Default;Default;Default;16;3;10;Direct;SecurePassword;68.630 μs;259.0461 μs;14.1992 μs;66.475 μs;1.00;0.00;11.2305;0.9766;0.0000;186.21 KB;1.00
FindWithQuery;ShortRun;False;Default;Default;Default;Default;Default;Default;11111111111111111111111111111111;Empty;RyuJit;Default;X64;8c5e7fda-e8bf-4a96-9a85-a6e23a8c635c;.NET 8.0;False;True;False;True;Default;Default;False;False;False;Default;Default;Default;Default;Default;Default;Default;Default;3;Default;1;Default;Default;Default;Default;Default;Default;16;3;10;Direct;SecurePassword;70.274 μs;59.4977 μs;3.2613 μs;68.984 μs;1.06;0.26;10.7422;0.9766;0.0000;182.74 KB;0.98
FindWithIndexExpression;ShortRun;False;Default;Default;Default;Default;Default;Default;11111111111111111111111111111111;Empty;RyuJit;Default;X64;8c5e7fda-e8bf-4a96-9a85-a6e23a8c635c;.NET 8.0;False;True;False;True;Default;Default;False;False;False;Default;Default;Default;Default;Default;Default;Default;Default;3;Default;1;Default;Default;Default;Default;Default;Default;16;3;10;Direct;SecurePassword;17.756 μs;9.5656 μs;0.5243 μs;17.705 μs;0.27;0.06;1.8311;0.0000;0.0000;30.27 KB;0.16
FindWithIndexQuery;ShortRun;False;Default;Default;Default;Default;Default;Default;11111111111111111111111111111111;Empty;RyuJit;Default;X64;8c5e7fda-e8bf-4a96-9a85-a6e23a8c635c;.NET 8.0;False;True;False;True;Default;Default;False;False;False;Default;Default;Default;Default;Default;Default;Default;Default;3;Default;1;Default;Default;Default;Default;Default;Default;16;3;10;Direct;SecurePassword;9.440 μs;11.1730 μs;0.6124 μs;9.513 μs;0.14;0.02;1.5869;0.0000;0.0000;26.8 KB;0.14
FindWithExpression;Job-ACDQAM;False;Default;Default;Default;Default;Default;Default;11111111111111111111111111111111;Empty;RyuJit;Default;X64;8c5e7fda-e8bf-4a96-9a85-a6e23a8c635c;.NET 8.0;False;True;False;True;Default;Default;False;False;False;Default;Default;Default;Default;Default;.NET 8.0;Default;Default;Default;Default;Default;Default;Default;Default;Default;Default;Default;16;Default;50;Direct;?;292.314 μs;17.5552 μs;51.2093 μs;264.486 μs;1.00;0.00;52.7344;7.8125;0.0000;866.32 KB;1.00
FindWithQuery;Job-ACDQAM;False;Default;Default;Default;Default;Default;Default;11111111111111111111111111111111;Empty;RyuJit;Default;X64;8c5e7fda-e8bf-4a96-9a85-a6e23a8c635c;.NET 8.0;False;True;False;True;Default;Default;False;False;False;Default;Default;Default;Default;Default;.NET 8.0;Default;Default;Default;Default;Default;Default;Default;Default;Default;Default;Default;16;Default;50;Direct;?;348.977 μs;6.7178 μs;7.7362 μs;346.281 μs;0.96;0.11;52.7344;7.8125;0.0000;862.85 KB;1.00
FindWithIndexExpression;Job-ACDQAM;False;Default;Default;Default;Default;Default;Default;11111111111111111111111111111111;Empty;RyuJit;Default;X64;8c5e7fda-e8bf-4a96-9a85-a6e23a8c635c;.NET 8.0;False;True;False;True;Default;Default;False;False;False;Default;Default;Default;Default;Default;.NET 8.0;Default;Default;Default;Default;Default;Default;Default;Default;Default;Default;Default;16;Default;50;Direct;?;53.816 μs;1.0696 μs;2.1361 μs;53.033 μs;0.18;0.03;7.8125;0.4883;0.0000;132.47 KB;0.15
FindWithIndexQuery;Job-ACDQAM;False;Default;Default;Default;Default;Default;Default;11111111111111111111111111111111;Empty;RyuJit;Default;X64;8c5e7fda-e8bf-4a96-9a85-a6e23a8c635c;.NET 8.0;False;True;False;True;Default;Default;False;False;False;Default;Default;Default;Default;Default;.NET 8.0;Default;Default;Default;Default;Default;Default;Default;Default;Default;Default;Default;16;Default;50;Direct;?;50.900 μs;0.7833 μs;0.6541 μs;51.006 μs;0.13;0.01;7.8125;0.7324;0.0000;128.86 KB;0.15
FindWithExpression;ShortRun;False;Default;Default;Default;Default;Default;Default;11111111111111111111111111111111;Empty;RyuJit;Default;X64;8c5e7fda-e8bf-4a96-9a85-a6e23a8c635c;.NET 8.0;False;True;False;True;Default;Default;False;False;False;Default;Default;Default;Default;Default;Default;Default;Default;3;Default;1;Default;Default;Default;Default;Default;Default;16;3;50;Direct;?;260.824 μs;214.1501 μs;11.7383 μs;254.868 μs;1.00;0.00;52.7344;9.7656;0.0000;866.32 KB;1.00
FindWithQuery;ShortRun;False;Default;Default;Default;Default;Default;Default;11111111111111111111111111111111;Empty;RyuJit;Default;X64;8c5e7fda-e8bf-4a96-9a85-a6e23a8c635c;.NET 8.0;False;True;False;True;Default;Default;False;False;False;Default;Default;Default;Default;Default;Default;Default;Default;3;Default;1;Default;Default;Default;Default;Default;Default;16;3;50;Direct;?;372.422 μs;"1,453.1994 μs";79.6548 μs;388.510 μs;1.43;0.30;52.7344;7.8125;0.0000;862.85 KB;1.00
FindWithIndexExpression;ShortRun;False;Default;Default;Default;Default;Default;Default;11111111111111111111111111111111;Empty;RyuJit;Default;X64;8c5e7fda-e8bf-4a96-9a85-a6e23a8c635c;.NET 8.0;False;True;False;True;Default;Default;False;False;False;Default;Default;Default;Default;Default;Default;Default;Default;3;Default;1;Default;Default;Default;Default;Default;Default;16;3;50;Direct;?;81.351 μs;219.4065 μs;12.0264 μs;80.652 μs;0.31;0.06;7.8125;0.4883;0.0000;132.32 KB;0.15
FindWithIndexQuery;ShortRun;False;Default;Default;Default;Default;Default;Default;11111111111111111111111111111111;Empty;RyuJit;Default;X64;8c5e7fda-e8bf-4a96-9a85-a6e23a8c635c;.NET 8.0;False;True;False;True;Default;Default;False;False;False;Default;Default;Default;Default;Default;Default;Default;Default;3;Default;1;Default;Default;Default;Default;Default;Default;16;3;50;Direct;?;92.685 μs;109.9067 μs;6.0244 μs;94.947 μs;0.36;0.04;7.8125;0.4883;0.0000;128.86 KB;0.15
FindWithExpression;Job-ACDQAM;False;Default;Default;Default;Default;Default;Default;11111111111111111111111111111111;Empty;RyuJit;Default;X64;8c5e7fda-e8bf-4a96-9a85-a6e23a8c635c;.NET 8.0;False;True;False;True;Default;Default;False;False;False;Default;Default;Default;Default;Default;.NET 8.0;Default;Default;Default;Default;Default;Default;Default;Default;Default;Default;Default;16;Default;50;Direct;SecurePassword;277.806 μs;13.4082 μs;38.4706 μs;259.684 μs;1.00;0.00;52.7344;7.8125;0.0000;866.32 KB;1.00
FindWithQuery;Job-ACDQAM;False;Default;Default;Default;Default;Default;Default;11111111111111111111111111111111;Empty;RyuJit;Default;X64;8c5e7fda-e8bf-4a96-9a85-a6e23a8c635c;.NET 8.0;False;True;False;True;Default;Default;False;False;False;Default;Default;Default;Default;Default;.NET 8.0;Default;Default;Default;Default;Default;Default;Default;Default;Default;Default;Default;16;Default;50;Direct;SecurePassword;253.663 μs;4.9877 μs;5.3368 μs;252.702 μs;0.88;0.12;52.7344;9.7656;0.0000;862.85 KB;1.00
FindWithIndexExpression;Job-ACDQAM;False;Default;Default;Default;Default;Default;Default;11111111111111111111111111111111;Empty;RyuJit;Default;X64;8c5e7fda-e8bf-4a96-9a85-a6e23a8c635c;.NET 8.0;False;True;False;True;Default;Default;False;False;False;Default;Default;Default;Default;Default;.NET 8.0;Default;Default;Default;Default;Default;Default;Default;Default;Default;Default;Default;16;Default;50;Direct;SecurePassword;53.478 μs;1.0300 μs;1.0577 μs;53.079 μs;0.18;0.03;7.8125;0.4883;0.0000;132.33 KB;0.15
FindWithIndexQuery;Job-ACDQAM;False;Default;Default;Default;Default;Default;Default;11111111111111111111111111111111;Empty;RyuJit;Default;X64;8c5e7fda-e8bf-4a96-9a85-a6e23a8c635c;.NET 8.0;False;True;False;True;Default;Default;False;False;False;Default;Default;Default;Default;Default;.NET 8.0;Default;Default;Default;Default;Default;Default;Default;Default;Default;Default;Default;16;Default;50;Direct;SecurePassword;50.215 μs;0.9764 μs;0.7623 μs;49.962 μs;0.18;0.02;7.8125;0.4883;0.0000;128.86 KB;0.15
FindWithExpression;ShortRun;False;Default;Default;Default;Default;Default;Default;11111111111111111111111111111111;Empty;RyuJit;Default;X64;8c5e7fda-e8bf-4a96-9a85-a6e23a8c635c;.NET 8.0;False;True;False;True;Default;Default;False;False;False;Default;Default;Default;Default;Default;Default;Default;Default;3;Default;1;Default;Default;Default;Default;Default;Default;16;3;50;Direct;SecurePassword;366.116 μs;186.5134 μs;10.2234 μs;364.046 μs;1.00;0.00;52.7344;9.7656;0.0000;866.32 KB;1.00
FindWithQuery;ShortRun;False;Default;Default;Default;Default;Default;Default;11111111111111111111111111111111;Empty;RyuJit;Default;X64;8c5e7fda-e8bf-4a96-9a85-a6e23a8c635c;.NET 8.0;False;True;False;True;Default;Default;False;False;False;Default;Default;Default;Default;Default;Default;Default;Default;3;Default;1;Default;Default;Default;Default;Default;Default;16;3;50;Direct;SecurePassword;366.336 μs;"1,120.6195 μs";61.4249 μs;331.297 μs;1.00;0.17;52.7344;9.7656;0.0000;862.85 KB;1.00
FindWithIndexExpression;ShortRun;False;Default;Default;Default;Default;Default;Default;11111111111111111111111111111111;Empty;RyuJit;Default;X64;8c5e7fda-e8bf-4a96-9a85-a6e23a8c635c;.NET 8.0;False;True;False;True;Default;Default;False;False;False;Default;Default;Default;Default;Default;Default;Default;Default;3;Default;1;Default;Default;Default;Default;Default;Default;16;3;50;Direct;SecurePassword;55.019 μs;54.5138 μs;2.9881 μs;54.490 μs;0.15;0.01;8.0566;0.7324;0.0000;132.32 KB;0.15
FindWithIndexQuery;ShortRun;False;Default;Default;Default;Default;Default;Default;11111111111111111111111111111111;Empty;RyuJit;Default;X64;8c5e7fda-e8bf-4a96-9a85-a6e23a8c635c;.NET 8.0;False;True;False;True;Default;Default;False;False;False;Default;Default;Default;Default;Default;Default;Default;Default;3;Default;1;Default;Default;Default;Default;Default;Default;16;3;50;Direct;SecurePassword;72.304 μs;304.7782 μs;16.7059 μs;65.326 μs;0.20;0.04;7.8125;0.4883;0.0000;128.86 KB;0.15
FindWithExpression;Job-ACDQAM;False;Default;Default;Default;Default;Default;Default;11111111111111111111111111111111;Empty;RyuJit;Default;X64;8c5e7fda-e8bf-4a96-9a85-a6e23a8c635c;.NET 8.0;False;True;False;True;Default;Default;False;False;False;Default;Default;Default;Default;Default;.NET 8.0;Default;Default;Default;Default;Default;Default;Default;Default;Default;Default;Default;16;Default;100;Direct;?;548.065 μs;22.5585 μs;63.2564 μs;519.137 μs;1.00;0.00;101.5625;15.6250;0.0000;1712.55 KB;1.00
FindWithQuery;Job-ACDQAM;False;Default;Default;Default;Default;Default;Default;11111111111111111111111111111111;Empty;RyuJit;Default;X64;8c5e7fda-e8bf-4a96-9a85-a6e23a8c635c;.NET 8.0;False;True;False;True;Default;Default;False;False;False;Default;Default;Default;Default;Default;.NET 8.0;Default;Default;Default;Default;Default;Default;Default;Default;Default;Default;Default;16;Default;100;Direct;?;503.993 μs;9.6407 μs;11.1022 μs;499.438 μs;0.91;0.10;101.5625;19.5313;0.0000;1709.08 KB;1.00
FindWithIndexExpression;Job-ACDQAM;False;Default;Default;Default;Default;Default;Default;11111111111111111111111111111111;Empty;RyuJit;Default;X64;8c5e7fda-e8bf-4a96-9a85-a6e23a8c635c;.NET 8.0;False;True;False;True;Default;Default;False;False;False;Default;Default;Default;Default;Default;.NET 8.0;Default;Default;Default;Default;Default;Default;Default;Default;Default;Default;Default;16;Default;100;Direct;?;97.577 μs;1.9128 μs;2.3491 μs;97.141 μs;0.18;0.02;14.1602;1.4648;0.0000;235.51 KB;0.14
FindWithIndexQuery;Job-ACDQAM;False;Default;Default;Default;Default;Default;Default;11111111111111111111111111111111;Empty;RyuJit;Default;X64;8c5e7fda-e8bf-4a96-9a85-a6e23a8c635c;.NET 8.0;False;True;False;True;Default;Default;False;False;False;Default;Default;Default;Default;Default;.NET 8.0;Default;Default;Default;Default;Default;Default;Default;Default;Default;Default;Default;16;Default;100;Direct;?;93.418 μs;1.8614 μs;2.1436 μs;92.785 μs;0.17;0.02;14.1602;1.9531;0.0000;231.87 KB;0.14
FindWithExpression;ShortRun;False;Default;Default;Default;Default;Default;Default;11111111111111111111111111111111;Empty;RyuJit;Default;X64;8c5e7fda-e8bf-4a96-9a85-a6e23a8c635c;.NET 8.0;False;True;False;True;Default;Default;False;False;False;Default;Default;Default;Default;Default;Default;Default;Default;3;Default;1;Default;Default;Default;Default;Default;Default;16;3;100;Direct;?;695.538 μs;"1,458.8808 μs";79.9662 μs;652.784 μs;1.00;0.00;101.5625;15.6250;0.0000;1712.55 KB;1.00
FindWithQuery;ShortRun;False;Default;Default;Default;Default;Default;Default;11111111111111111111111111111111;Empty;RyuJit;Default;X64;8c5e7fda-e8bf-4a96-9a85-a6e23a8c635c;.NET 8.0;False;True;False;True;Default;Default;False;False;False;Default;Default;Default;Default;Default;Default;Default;Default;3;Default;1;Default;Default;Default;Default;Default;Default;16;3;100;Direct;?;673.133 μs;639.1223 μs;35.0324 μs;687.758 μs;0.97;0.09;101.5625;19.5313;0.0000;1709.08 KB;1.00
FindWithIndexExpression;ShortRun;False;Default;Default;Default;Default;Default;Default;11111111111111111111111111111111;Empty;RyuJit;Default;X64;8c5e7fda-e8bf-4a96-9a85-a6e23a8c635c;.NET 8.0;False;True;False;True;Default;Default;False;False;False;Default;Default;Default;Default;Default;Default;Default;Default;3;Default;1;Default;Default;Default;Default;Default;Default;16;3;100;Direct;?;118.094 μs;296.2924 μs;16.2408 μs;111.877 μs;0.17;0.03;14.1602;1.4648;0.0000;235.34 KB;0.14
FindWithIndexQuery;ShortRun;False;Default;Default;Default;Default;Default;Default;11111111111111111111111111111111;Empty;RyuJit;Default;X64;8c5e7fda-e8bf-4a96-9a85-a6e23a8c635c;.NET 8.0;False;True;False;True;Default;Default;False;False;False;Default;Default;Default;Default;Default;Default;Default;Default;3;Default;1;Default;Default;Default;Default;Default;Default;16;3;100;Direct;?;92.929 μs;24.0863 μs;1.3203 μs;92.207 μs;0.13;0.02;14.1602;1.9531;0.0000;231.87 KB;0.14
FindWithExpression;Job-ACDQAM;False;Default;Default;Default;Default;Default;Default;11111111111111111111111111111111;Empty;RyuJit;Default;X64;8c5e7fda-e8bf-4a96-9a85-a6e23a8c635c;.NET 8.0;False;True;False;True;Default;Default;False;False;False;Default;Default;Default;Default;Default;.NET 8.0;Default;Default;Default;Default;Default;Default;Default;Default;Default;Default;Default;16;Default;100;Direct;SecurePassword;498.627 μs;9.4289 μs;7.8735 μs;495.848 μs;1.00;0.00;101.5625;19.5313;0.0000;1712.55 KB;1.00
FindWithQuery;Job-ACDQAM;False;Default;Default;Default;Default;Default;Default;11111111111111111111111111111111;Empty;RyuJit;Default;X64;8c5e7fda-e8bf-4a96-9a85-a6e23a8c635c;.NET 8.0;False;True;False;True;Default;Default;False;False;False;Default;Default;Default;Default;Default;.NET 8.0;Default;Default;Default;Default;Default;Default;Default;Default;Default;Default;Default;16;Default;100;Direct;SecurePassword;533.744 μs;20.3215 μs;57.3173 μs;507.043 μs;1.06;0.10;101.5625;19.5313;0.0000;1709.08 KB;1.00
FindWithIndexExpression;Job-ACDQAM;False;Default;Default;Default;Default;Default;Default;11111111111111111111111111111111;Empty;RyuJit;Default;X64;8c5e7fda-e8bf-4a96-9a85-a6e23a8c635c;.NET 8.0;False;True;False;True;Default;Default;False;False;False;Default;Default;Default;Default;Default;.NET 8.0;Default;Default;Default;Default;Default;Default;Default;Default;Default;Default;Default;16;Default;100;Direct;SecurePassword;95.665 μs;1.6646 μs;2.1644 μs;94.740 μs;0.19;0.00;13.6719;0.9766;0.0000;235.34 KB;0.14
FindWithIndexQuery;Job-ACDQAM;False;Default;Default;Default;Default;Default;Default;11111111111111111111111111111111;Empty;RyuJit;Default;X64;8c5e7fda-e8bf-4a96-9a85-a6e23a8c635c;.NET 8.0;False;True;False;True;Default;Default;False;False;False;Default;Default;Default;Default;Default;.NET 8.0;Default;Default;Default;Default;Default;Default;Default;Default;Default;Default;Default;16;Default;100;Direct;SecurePassword;92.528 μs;1.5828 μs;1.2358 μs;92.305 μs;0.19;0.00;14.1602;1.9531;0.0000;231.88 KB;0.14
FindWithExpression;ShortRun;False;Default;Default;Default;Default;Default;Default;11111111111111111111111111111111;Empty;RyuJit;Default;X64;8c5e7fda-e8bf-4a96-9a85-a6e23a8c635c;.NET 8.0;False;True;False;True;Default;Default;False;False;False;Default;Default;Default;Default;Default;Default;Default;Default;3;Default;1;Default;Default;Default;Default;Default;Default;16;3;100;Direct;SecurePassword;669.871 μs;"2,415.0954 μs";132.3795 μs;594.014 μs;1.00;0.00;101.5625;15.6250;0.0000;1712.55 KB;1.00
FindWithQuery;ShortRun;False;Default;Default;Default;Default;Default;Default;11111111111111111111111111111111;Empty;RyuJit;Default;X64;8c5e7fda-e8bf-4a96-9a85-a6e23a8c635c;.NET 8.0;False;True;False;True;Default;Default;False;False;False;Default;Default;Default;Default;Default;Default;Default;Default;3;Default;1;Default;Default;Default;Default;Default;Default;16;3;100;Direct;SecurePassword;655.381 μs;862.2940 μs;47.2652 μs;652.327 μs;1.00;0.20;101.5625;19.5313;0.0000;1709.08 KB;1.00
FindWithIndexExpression;ShortRun;False;Default;Default;Default;Default;Default;Default;11111111111111111111111111111111;Empty;RyuJit;Default;X64;8c5e7fda-e8bf-4a96-9a85-a6e23a8c635c;.NET 8.0;False;True;False;True;Default;Default;False;False;False;Default;Default;Default;Default;Default;Default;Default;Default;3;Default;1;Default;Default;Default;Default;Default;Default;16;3;100;Direct;SecurePassword;96.102 μs;42.9545 μs;2.3545 μs;95.001 μs;0.15;0.02;14.1602;1.4648;0.0000;235.34 KB;0.14
FindWithIndexQuery;ShortRun;False;Default;Default;Default;Default;Default;Default;11111111111111111111111111111111;Empty;RyuJit;Default;X64;8c5e7fda-e8bf-4a96-9a85-a6e23a8c635c;.NET 8.0;False;True;False;True;Default;Default;False;False;False;Default;Default;Default;Default;Default;Default;Default;Default;3;Default;1;Default;Default;Default;Default;Default;Default;16;3;100;Direct;SecurePassword;126.385 μs;269.1576 μs;14.7534 μs;121.556 μs;0.19;0.02;13.6719;1.9531;0.0000;231.88 KB;0.14
FindWithExpression;Job-ACDQAM;False;Default;Default;Default;Default;Default;Default;11111111111111111111111111111111;Empty;RyuJit;Default;X64;8c5e7fda-e8bf-4a96-9a85-a6e23a8c635c;.NET 8.0;False;True;False;True;Default;Default;False;False;False;Default;Default;Default;Default;Default;.NET 8.0;Default;Default;Default;Default;Default;Default;Default;Default;Default;Default;Default;16;Default;500;Direct;?;"2,518.883 μs";48.3945 μs;37.7833 μs;"2,514.222 μs";1.00;0.00;515.6250;156.2500;0.0000;8485.19 KB;1.00
FindWithQuery;Job-ACDQAM;False;Default;Default;Default;Default;Default;Default;11111111111111111111111111111111;Empty;RyuJit;Default;X64;8c5e7fda-e8bf-4a96-9a85-a6e23a8c635c;.NET 8.0;False;True;False;True;Default;Default;False;False;False;Default;Default;Default;Default;Default;.NET 8.0;Default;Default;Default;Default;Default;Default;Default;Default;Default;Default;Default;16;Default;500;Direct;?;"2,543.079 μs";50.4749 μs;81.5075 μs;"2,518.478 μs";1.02;0.04;515.6250;156.2500;0.0000;8481.72 KB;1.00
FindWithIndexExpression;Job-ACDQAM;False;Default;Default;Default;Default;Default;Default;11111111111111111111111111111111;Empty;RyuJit;Default;X64;8c5e7fda-e8bf-4a96-9a85-a6e23a8c635c;.NET 8.0;False;True;False;True;Default;Default;False;False;False;Default;Default;Default;Default;Default;.NET 8.0;Default;Default;Default;Default;Default;Default;Default;Default;Default;Default;Default;16;Default;500;Direct;?;465.452 μs;9.1528 μs;11.2405 μs;464.370 μs;0.19;0.00;66.4063;15.6250;0.0000;1114.13 KB;0.13
FindWithIndexQuery;Job-ACDQAM;False;Default;Default;Default;Default;Default;Default;11111111111111111111111111111111;Empty;RyuJit;Default;X64;8c5e7fda-e8bf-4a96-9a85-a6e23a8c635c;.NET 8.0;False;True;False;True;Default;Default;False;False;False;Default;Default;Default;Default;Default;.NET 8.0;Default;Default;Default;Default;Default;Default;Default;Default;Default;Default;Default;16;Default;500;Direct;?;449.636 μs;3.8526 μs;3.6037 μs;449.144 μs;0.18;0.00;66.4063;15.6250;0.0000;1110.66 KB;0.13
FindWithExpression;ShortRun;False;Default;Default;Default;Default;Default;Default;11111111111111111111111111111111;Empty;RyuJit;Default;X64;8c5e7fda-e8bf-4a96-9a85-a6e23a8c635c;.NET 8.0;False;True;False;True;Default;Default;False;False;False;Default;Default;Default;Default;Default;Default;Default;Default;3;Default;1;Default;Default;Default;Default;Default;Default;16;3;500;Direct;?;"3,750.367 μs";"4,532.7915 μs";248.4576 μs;"3,733.030 μs";1.00;0.00;515.6250;164.0625;0.0000;8485.18 KB;1.00
FindWithQuery;ShortRun;False;Default;Default;Default;Default;Default;Default;11111111111111111111111111111111;Empty;RyuJit;Default;X64;8c5e7fda-e8bf-4a96-9a85-a6e23a8c635c;.NET 8.0;False;True;False;True;Default;Default;False;False;False;Default;Default;Default;Default;Default;Default;Default;Default;3;Default;1;Default;Default;Default;Default;Default;Default;16;3;500;Direct;?;"2,881.055 μs";"6,462.8724 μs";354.2518 μs;"2,980.808 μs";0.77;0.09;515.6250;156.2500;0.0000;8481.72 KB;1.00
FindWithIndexExpression;ShortRun;False;Default;Default;Default;Default;Default;Default;11111111111111111111111111111111;Empty;RyuJit;Default;X64;8c5e7fda-e8bf-4a96-9a85-a6e23a8c635c;.NET 8.0;False;True;False;True;Default;Default;False;False;False;Default;Default;Default;Default;Default;Default;Default;Default;3;Default;1;Default;Default;Default;Default;Default;Default;16;3;500;Direct;?;675.627 μs;"1,448.6527 μs";79.4055 μs;706.864 μs;0.18;0.03;66.4063;15.6250;0.0000;1114.24 KB;0.13
FindWithIndexQuery;ShortRun;False;Default;Default;Default;Default;Default;Default;11111111111111111111111111111111;Empty;RyuJit;Default;X64;8c5e7fda-e8bf-4a96-9a85-a6e23a8c635c;.NET 8.0;False;True;False;True;Default;Default;False;False;False;Default;Default;Default;Default;Default;Default;Default;Default;3;Default;1;Default;Default;Default;Default;Default;Default;16;3;500;Direct;?;588.791 μs;426.4691 μs;23.3762 μs;597.312 μs;0.16;0.01;66.4063;15.6250;0.0000;1110.66 KB;0.13
FindWithExpression;Job-ACDQAM;False;Default;Default;Default;Default;Default;Default;11111111111111111111111111111111;Empty;RyuJit;Default;X64;8c5e7fda-e8bf-4a96-9a85-a6e23a8c635c;.NET 8.0;False;True;False;True;Default;Default;False;False;False;Default;Default;Default;Default;Default;.NET 8.0;Default;Default;Default;Default;Default;Default;Default;Default;Default;Default;Default;16;Default;500;Direct;SecurePassword;"2,640.805 μs";68.8342 μs;196.3878 μs;"2,578.748 μs";1.00;0.00;515.6250;167.9688;0.0000;8485.18 KB;1.00
FindWithQuery;Job-ACDQAM;False;Default;Default;Default;Default;Default;Default;11111111111111111111111111111111;Empty;RyuJit;Default;X64;8c5e7fda-e8bf-4a96-9a85-a6e23a8c635c;.NET 8.0;False;True;False;True;Default;Default;False;False;False;Default;Default;Default;Default;Default;.NET 8.0;Default;Default;Default;Default;Default;Default;Default;Default;Default;Default;Default;16;Default;500;Direct;SecurePassword;"2,561.902 μs";50.1410 μs;82.3830 μs;"2,545.701 μs";0.97;0.08;515.6250;156.2500;0.0000;8481.72 KB;1.00
FindWithIndexExpression;Job-ACDQAM;False;Default;Default;Default;Default;Default;Default;11111111111111111111111111111111;Empty;RyuJit;Default;X64;8c5e7fda-e8bf-4a96-9a85-a6e23a8c635c;.NET 8.0;False;True;False;True;Default;Default;False;False;False;Default;Default;Default;Default;Default;.NET 8.0;Default;Default;Default;Default;Default;Default;Default;Default;Default;Default;Default;16;Default;500;Direct;SecurePassword;480.261 μs;14.2321 μs;39.4371 μs;464.262 μs;0.18;0.02;66.4063;15.6250;0.0000;1114.13 KB;0.13
FindWithIndexQuery;Job-ACDQAM;False;Default;Default;Default;Default;Default;Default;11111111111111111111111111111111;Empty;RyuJit;Default;X64;8c5e7fda-e8bf-4a96-9a85-a6e23a8c635c;.NET 8.0;False;True;False;True;Default;Default;False;False;False;Default;Default;Default;Default;Default;.NET 8.0;Default;Default;Default;Default;Default;Default;Default;Default;Default;Default;Default;16;Default;500;Direct;SecurePassword;465.325 μs;9.2175 μs;7.6970 μs;460.948 μs;0.18;0.01;66.4063;15.6250;0.0000;1110.66 KB;0.13
FindWithExpression;ShortRun;False;Default;Default;Default;Default;Default;Default;11111111111111111111111111111111;Empty;RyuJit;Default;X64;8c5e7fda-e8bf-4a96-9a85-a6e23a8c635c;.NET 8.0;False;True;False;True;Default;Default;False;False;False;Default;Default;Default;Default;Default;Default;Default;Default;3;Default;1;Default;Default;Default;Default;Default;Default;16;3;500;Direct;SecurePassword;"3,881.497 μs";"7,357.1438 μs";403.2699 μs;"3,721.451 μs";1.00;0.00;515.6250;156.2500;0.0000;8485.19 KB;1.00
FindWithQuery;ShortRun;False;Default;Default;Default;Default;Default;Default;11111111111111111111111111111111;Empty;RyuJit;Default;X64;8c5e7fda-e8bf-4a96-9a85-a6e23a8c635c;.NET 8.0;False;True;False;True;Default;Default;False;False;False;Default;Default;Default;Default;Default;Default;Default;Default;3;Default;1;Default;Default;Default;Default;Default;Default;16;3;500;Direct;SecurePassword;"3,498.446 μs";"12,460.7001 μs";683.0130 μs;"3,426.762 μs";0.91;0.20;515.6250;156.2500;0.0000;8481.72 KB;1.00
FindWithIndexExpression;ShortRun;False;Default;Default;Default;Default;Default;Default;11111111111111111111111111111111;Empty;RyuJit;Default;X64;8c5e7fda-e8bf-4a96-9a85-a6e23a8c635c;.NET 8.0;False;True;False;True;Default;Default;False;False;False;Default;Default;Default;Default;Default;Default;Default;Default;3;Default;1;Default;Default;Default;Default;Default;Default;16;3;500;Direct;SecurePassword;453.334 μs;64.9402 μs;3.5596 μs;453.379 μs;0.12;0.01;66.4063;15.6250;0.0000;1114.13 KB;0.13
FindWithIndexQuery;ShortRun;False;Default;Default;Default;Default;Default;Default;11111111111111111111111111111111;Empty;RyuJit;Default;X64;8c5e7fda-e8bf-4a96-9a85-a6e23a8c635c;.NET 8.0;False;True;False;True;Default;Default;False;False;False;Default;Default;Default;Default;Default;Default;Default;Default;3;Default;1;Default;Default;Default;Default;Default;Default;16;3;500;Direct;SecurePassword;536.960 μs;390.6865 μs;21.4148 μs;542.344 μs;0.14;0.01;66.4063;15.6250;0.0000;1110.66 KB;0.13
FindWithExpression;Job-ACDQAM;False;Default;Default;Default;Default;Default;Default;11111111111111111111111111111111;Empty;RyuJit;Default;X64;8c5e7fda-e8bf-4a96-9a85-a6e23a8c635c;.NET 8.0;False;True;False;True;Default;Default;False;False;False;Default;Default;Default;Default;Default;.NET 8.0;Default;Default;Default;Default;Default;Default;Default;Default;Default;Default;Default;16;Default;1000;Direct;?;"5,301.476 μs";109.2338 μs;308.0960 μs;"5,200.111 μs";1.00;0.00;1031.2500;109.3750;0.0000;16971.13 KB;1.00
FindWithQuery;Job-ACDQAM;False;Default;Default;Default;Default;Default;Default;11111111111111111111111111111111;Empty;RyuJit;Default;X64;8c5e7fda-e8bf-4a96-9a85-a6e23a8c635c;.NET 8.0;False;True;False;True;Default;Default;False;False;False;Default;Default;Default;Default;Default;.NET 8.0;Default;Default;Default;Default;Default;Default;Default;Default;Default;Default;Default;16;Default;1000;Direct;?;"5,332.836 μs";120.4263 μs;349.3786 μs;"5,202.663 μs";1.01;0.09;1031.2500;210.9375;0.0000;16967.66 KB;1.00
FindWithIndexExpression;Job-ACDQAM;False;Default;Default;Default;Default;Default;Default;11111111111111111111111111111111;Empty;RyuJit;Default;X64;8c5e7fda-e8bf-4a96-9a85-a6e23a8c635c;.NET 8.0;False;True;False;True;Default;Default;False;False;False;Default;Default;Default;Default;Default;.NET 8.0;Default;Default;Default;Default;Default;Default;Default;Default;Default;Default;Default;16;Default;1000;Direct;?;951.740 μs;18.3507 μs;26.8982 μs;940.127 μs;0.18;0.01;132.8125;39.0625;0.0000;2285.69 KB;0.13
FindWithIndexQuery;Job-ACDQAM;False;Default;Default;Default;Default;Default;Default;11111111111111111111111111111111;Empty;RyuJit;Default;X64;8c5e7fda-e8bf-4a96-9a85-a6e23a8c635c;.NET 8.0;False;True;False;True;Default;Default;False;False;False;Default;Default;Default;Default;Default;.NET 8.0;Default;Default;Default;Default;Default;Default;Default;Default;Default;Default;Default;16;Default;1000;Direct;?;969.338 μs;22.8226 μs;62.4764 μs;939.270 μs;0.18;0.01;132.8125;39.0625;0.0000;2282.23 KB;0.13
FindWithExpression;ShortRun;False;Default;Default;Default;Default;Default;Default;11111111111111111111111111111111;Empty;RyuJit;Default;X64;8c5e7fda-e8bf-4a96-9a85-a6e23a8c635c;.NET 8.0;False;True;False;True;Default;Default;False;False;False;Default;Default;Default;Default;Default;Default;Default;Default;3;Default;1;Default;Default;Default;Default;Default;Default;16;3;1000;Direct;?;"5,181.011 μs";"3,906.8628 μs";214.1483 μs;"5,075.187 μs";1.00;0.00;1031.2500;109.3750;0.0000;16971.13 KB;1.00
FindWithQuery;ShortRun;False;Default;Default;Default;Default;Default;Default;11111111111111111111111111111111;Empty;RyuJit;Default;X64;8c5e7fda-e8bf-4a96-9a85-a6e23a8c635c;.NET 8.0;False;True;False;True;Default;Default;False;False;False;Default;Default;Default;Default;Default;Default;Default;Default;3;Default;1;Default;Default;Default;Default;Default;Default;16;3;1000;Direct;?;"5,155.915 μs";"2,479.2222 μs";135.8945 μs;"5,104.893 μs";1.00;0.02;1031.2500;109.3750;0.0000;16967.66 KB;1.00
FindWithIndexExpression;ShortRun;False;Default;Default;Default;Default;Default;Default;11111111111111111111111111111111;Empty;RyuJit;Default;X64;8c5e7fda-e8bf-4a96-9a85-a6e23a8c635c;.NET 8.0;False;True;False;True;Default;Default;False;False;False;Default;Default;Default;Default;Default;Default;Default;Default;3;Default;1;Default;Default;Default;Default;Default;Default;16;3;1000;Direct;?;"1,261.031 μs";"2,614.4936 μs";143.3092 μs;"1,301.526 μs";0.24;0.03;132.8125;39.0625;0.0000;2285.7 KB;0.13
FindWithIndexQuery;ShortRun;False;Default;Default;Default;Default;Default;Default;11111111111111111111111111111111;Empty;RyuJit;Default;X64;8c5e7fda-e8bf-4a96-9a85-a6e23a8c635c;.NET 8.0;False;True;False;True;Default;Default;False;False;False;Default;Default;Default;Default;Default;Default;Default;Default;3;Default;1;Default;Default;Default;Default;Default;Default;16;3;1000;Direct;?;"1,106.704 μs";561.8664 μs;30.7978 μs;"1,112.657 μs";0.21;0.01;132.8125;39.0625;0.0000;2282.23 KB;0.13
FindWithExpression;Job-ACDQAM;False;Default;Default;Default;Default;Default;Default;11111111111111111111111111111111;Empty;RyuJit;Default;X64;8c5e7fda-e8bf-4a96-9a85-a6e23a8c635c;.NET 8.0;False;True;False;True;Default;Default;False;False;False;Default;Default;Default;Default;Default;.NET 8.0;Default;Default;Default;Default;Default;Default;Default;Default;Default;Default;Default;16;Default;1000;Direct;SecurePassword;"5,369.118 μs";110.3615 μs;316.6479 μs;"5,299.099 μs";1.00;0.00;1031.2500;210.9375;0.0000;16971.13 KB;1.00
FindWithQuery;Job-ACDQAM;False;Default;Default;Default;Default;Default;Default;11111111111111111111111111111111;Empty;RyuJit;Default;X64;8c5e7fda-e8bf-4a96-9a85-a6e23a8c635c;.NET 8.0;False;True;False;True;Default;Default;False;False;False;Default;Default;Default;Default;Default;.NET 8.0;Default;Default;Default;Default;Default;Default;Default;Default;Default;Default;Default;16;Default;1000;Direct;SecurePassword;"5,360.836 μs";136.5485 μs;391.7832 μs;"5,248.295 μs";1.00;0.09;1031.2500;109.3750;0.0000;16967.66 KB;1.00
FindWithIndexExpression;Job-ACDQAM;False;Default;Default;Default;Default;Default;Default;11111111111111111111111111111111;Empty;RyuJit;Default;X64;8c5e7fda-e8bf-4a96-9a85-a6e23a8c635c;.NET 8.0;False;True;False;True;Default;Default;False;False;False;Default;Default;Default;Default;Default;.NET 8.0;Default;Default;Default;Default;Default;Default;Default;Default;Default;Default;Default;16;Default;1000;Direct;SecurePassword;959.777 μs;18.1038 μs;46.0800 μs;936.961 μs;0.18;0.01;132.8125;39.0625;0.0000;2285.7 KB;0.13
FindWithIndexQuery;Job-ACDQAM;False;Default;Default;Default;Default;Default;Default;11111111111111111111111111111111;Empty;RyuJit;Default;X64;8c5e7fda-e8bf-4a96-9a85-a6e23a8c635c;.NET 8.0;False;True;False;True;Default;Default;False;False;False;Default;Default;Default;Default;Default;.NET 8.0;Default;Default;Default;Default;Default;Default;Default;Default;Default;Default;Default;16;Default;1000;Direct;SecurePassword;965.476 μs;20.5618 μs;56.6332 μs;940.014 μs;0.18;0.02;132.8125;39.0625;0.0000;2282.23 KB;0.13
FindWithExpression;ShortRun;False;Default;Default;Default;Default;Default;Default;11111111111111111111111111111111;Empty;RyuJit;Default;X64;8c5e7fda-e8bf-4a96-9a85-a6e23a8c635c;.NET 8.0;False;True;False;True;Default;Default;False;False;False;Default;Default;Default;Default;Default;Default;Default;Default;3;Default;1;Default;Default;Default;Default;Default;Default;16;3;1000;Direct;SecurePassword;"5,375.102 μs";"11,151.3991 μs";611.2458 μs;"5,036.545 μs";1.00;0.00;1031.2500;109.3750;0.0000;16971.13 KB;1.00
FindWithQuery;ShortRun;False;Default;Default;Default;Default;Default;Default;11111111111111111111111111111111;Empty;RyuJit;Default;X64;8c5e7fda-e8bf-4a96-9a85-a6e23a8c635c;.NET 8.0;False;True;False;True;Default;Default;False;False;False;Default;Default;Default;Default;Default;Default;Default;Default;3;Default;1;Default;Default;Default;Default;Default;Default;16;3;1000;Direct;SecurePassword;"5,304.152 μs";"5,359.5293 μs";293.7739 μs;"5,229.925 μs";0.99;0.06;1031.2500;109.3750;0.0000;16967.66 KB;1.00
FindWithIndexExpression;ShortRun;False;Default;Default;Default;Default;Default;Default;11111111111111111111111111111111;Empty;RyuJit;Default;X64;8c5e7fda-e8bf-4a96-9a85-a6e23a8c635c;.NET 8.0;False;True;False;True;Default;Default;False;False;False;Default;Default;Default;Default;Default;Default;Default;Default;3;Default;1;Default;Default;Default;Default;Default;Default;16;3;1000;Direct;SecurePassword;"1,125.911 μs";"1,160.6620 μs";63.6198 μs;"1,106.827 μs";0.21;0.03;132.8125;39.0625;0.0000;2285.7 KB;0.13
FindWithIndexQuery;ShortRun;False;Default;Default;Default;Default;Default;Default;11111111111111111111111111111111;Empty;RyuJit;Default;X64;8c5e7fda-e8bf-4a96-9a85-a6e23a8c635c;.NET 8.0;False;True;False;True;Default;Default;False;False;False;Default;Default;Default;Default;Default;Default;Default;Default;3;Default;1;Default;Default;Default;Default;Default;Default;16;3;1000;Direct;SecurePassword;"1,293.912 μs";"2,809.9141 μs";154.0209 μs;"1,238.341 μs";0.24;0.01;132.8125;39.0625;0.0000;2282.23 KB;0.13
FindWithExpression;Job-ACDQAM;False;Default;Default;Default;Default;Default;Default;11111111111111111111111111111111;Empty;RyuJit;Default;X64;8c5e7fda-e8bf-4a96-9a85-a6e23a8c635c;.NET 8.0;False;True;False;True;Default;Default;False;False;False;Default;Default;Default;Default;Default;.NET 8.0;Default;Default;Default;Default;Default;Default;Default;Default;Default;Default;Default;16;Default;5000;Direct;?;"28,570.845 μs";869.0311 μs;"2,507.3535 μs";"27,737.557 μs";1.00;0.00;5142.8571;71.4286;0.0000;84660.57 KB;1.00
FindWithQuery;Job-ACDQAM;False;Default;Default;Default;Default;Default;Default;11111111111111111111111111111111;Empty;RyuJit;Default;X64;8c5e7fda-e8bf-4a96-9a85-a6e23a8c635c;.NET 8.0;False;True;False;True;Default;Default;False;False;False;Default;Default;Default;Default;Default;.NET 8.0;Default;Default;Default;Default;Default;Default;Default;Default;Default;Default;Default;16;Default;5000;Direct;?;"27,908.436 μs";554.7464 μs;830.3183 μs;"27,788.317 μs";0.96;0.08;5156.2500;31.2500;0.0000;84657.08 KB;1.00
FindWithIndexExpression;Job-ACDQAM;False;Default;Default;Default;Default;Default;Default;11111111111111111111111111111111;Empty;RyuJit;Default;X64;8c5e7fda-e8bf-4a96-9a85-a6e23a8c635c;.NET 8.0;False;True;False;True;Default;Default;False;False;False;Default;Default;Default;Default;Default;.NET 8.0;Default;Default;Default;Default;Default;Default;Default;Default;Default;Default;Default;16;Default;5000;Direct;?;"4,727.546 μs";85.1778 μs;139.9496 μs;"4,703.050 μs";0.16;0.01;656.2500;500.0000;0.0000;10941.4 KB;0.13
FindWithIndexQuery;Job-ACDQAM;False;Default;Default;Default;Default;Default;Default;11111111111111111111111111111111;Empty;RyuJit;Default;X64;8c5e7fda-e8bf-4a96-9a85-a6e23a8c635c;.NET 8.0;False;True;False;True;Default;Default;False;False;False;Default;Default;Default;Default;Default;.NET 8.0;Default;Default;Default;Default;Default;Default;Default;Default;Default;Default;Default;16;Default;5000;Direct;?;"4,825.252 μs";109.3334 μs;301.1358 μs;"4,693.211 μs";0.17;0.02;656.2500;531.2500;0.0000;10937.93 KB;0.13
FindWithExpression;ShortRun;False;Default;Default;Default;Default;Default;Default;11111111111111111111111111111111;Empty;RyuJit;Default;X64;8c5e7fda-e8bf-4a96-9a85-a6e23a8c635c;.NET 8.0;False;True;False;True;Default;Default;False;False;False;Default;Default;Default;Default;Default;Default;Default;Default;3;Default;1;Default;Default;Default;Default;Default;Default;16;3;5000;Direct;?;"28,078.046 μs";"20,258.8364 μs";"1,110.4552 μs";"28,031.256 μs";1.00;0.00;5156.2500;31.2500;0.0000;84660.55 KB;1.00
FindWithQuery;ShortRun;False;Default;Default;Default;Default;Default;Default;11111111111111111111111111111111;Empty;RyuJit;Default;X64;8c5e7fda-e8bf-4a96-9a85-a6e23a8c635c;.NET 8.0;False;True;False;True;Default;Default;False;False;False;Default;Default;Default;Default;Default;Default;Default;Default;3;Default;1;Default;Default;Default;Default;Default;Default;16;3;5000;Direct;?;"32,328.640 μs";"52,882.2552 μs";"2,898.6549 μs";"32,665.240 μs";1.15;0.06;5000.0000;200.0000;0.0000;84657.15 KB;1.00
FindWithIndexExpression;ShortRun;False;Default;Default;Default;Default;Default;Default;11111111111111111111111111111111;Empty;RyuJit;Default;X64;8c5e7fda-e8bf-4a96-9a85-a6e23a8c635c;.NET 8.0;False;True;False;True;Default;Default;False;False;False;Default;Default;Default;Default;Default;Default;Default;Default;3;Default;1;Default;Default;Default;Default;Default;Default;16;3;5000;Direct;?;"6,346.815 μs";"12,775.8865 μs";700.2894 μs;"6,243.275 μs";0.23;0.02;656.2500;500.0000;0.0000;10941.4 KB;0.13
FindWithIndexQuery;ShortRun;False;Default;Default;Default;Default;Default;Default;11111111111111111111111111111111;Empty;RyuJit;Default;X64;8c5e7fda-e8bf-4a96-9a85-a6e23a8c635c;.NET 8.0;False;True;False;True;Default;Default;False;False;False;Default;Default;Default;Default;Default;Default;Default;Default;3;Default;1;Default;Default;Default;Default;Default;Default;16;3;5000;Direct;?;"7,280.582 μs";"20,334.4321 μs";"1,114.5988 μs";"6,905.678 μs";0.26;0.04;656.2500;531.2500;0.0000;10937.93 KB;0.13
FindWithExpression;Job-ACDQAM;False;Default;Default;Default;Default;Default;Default;11111111111111111111111111111111;Empty;RyuJit;Default;X64;8c5e7fda-e8bf-4a96-9a85-a6e23a8c635c;.NET 8.0;False;True;False;True;Default;Default;False;False;False;Default;Default;Default;Default;Default;.NET 8.0;Default;Default;Default;Default;Default;Default;Default;Default;Default;Default;Default;16;Default;5000;Direct;SecurePassword;"29,113.169 μs";953.2190 μs;"2,765.4611 μs";"28,021.350 μs";1.00;0.00;5125.0000;62.5000;0.0000;84660.58 KB;1.00
FindWithQuery;Job-ACDQAM;False;Default;Default;Default;Default;Default;Default;11111111111111111111111111111111;Empty;RyuJit;Default;X64;8c5e7fda-e8bf-4a96-9a85-a6e23a8c635c;.NET 8.0;False;True;False;True;Default;Default;False;False;False;Default;Default;Default;Default;Default;.NET 8.0;Default;Default;Default;Default;Default;Default;Default;Default;Default;Default;Default;16;Default;5000;Direct;SecurePassword;"28,067.912 μs";557.5468 μs;"1,314.2033 μs";"27,813.183 μs";0.98;0.09;5156.2500;31.2500;0.0000;84657.09 KB;1.00
FindWithIndexExpression;Job-ACDQAM;False;Default;Default;Default;Default;Default;Default;11111111111111111111111111111111;Empty;RyuJit;Default;X64;8c5e7fda-e8bf-4a96-9a85-a6e23a8c635c;.NET 8.0;False;True;False;True;Default;Default;False;False;False;Default;Default;Default;Default;Default;.NET 8.0;Default;Default;Default;Default;Default;Default;Default;Default;Default;Default;Default;16;Default;5000;Direct;SecurePassword;"4,689.934 μs";93.5632 μs;222.3629 μs;"4,596.366 μs";0.16;0.02;656.2500;500.0000;0.0000;10941.38 KB;0.13
FindWithIndexQuery;Job-ACDQAM;False;Default;Default;Default;Default;Default;Default;11111111111111111111111111111111;Empty;RyuJit;Default;X64;8c5e7fda-e8bf-4a96-9a85-a6e23a8c635c;.NET 8.0;False;True;False;True;Default;Default;False;False;False;Default;Default;Default;Default;Default;.NET 8.0;Default;Default;Default;Default;Default;Default;Default;Default;Default;Default;Default;16;Default;5000;Direct;SecurePassword;"4,845.553 μs";124.4136 μs;338.4762 μs;"4,720.741 μs";0.17;0.02;656.2500;531.2500;0.0000;10937.94 KB;0.13
FindWithExpression;ShortRun;False;Default;Default;Default;Default;Default;Default;11111111111111111111111111111111;Empty;RyuJit;Default;X64;8c5e7fda-e8bf-4a96-9a85-a6e23a8c635c;.NET 8.0;False;True;False;True;Default;Default;False;False;False;Default;Default;Default;Default;Default;Default;Default;Default;3;Default;1;Default;Default;Default;Default;Default;Default;16;3;5000;Direct;SecurePassword;"28,970.162 μs";"19,942.1046 μs";"1,093.0940 μs";"29,476.237 μs";1.00;0.00;5156.2500;31.2500;0.0000;84660.56 KB;1.00
FindWithQuery;ShortRun;False;Default;Default;Default;Default;Default;Default;11111111111111111111111111111111;Empty;RyuJit;Default;X64;8c5e7fda-e8bf-4a96-9a85-a6e23a8c635c;.NET 8.0;False;True;False;True;Default;Default;False;False;False;Default;Default;Default;Default;Default;Default;Default;Default;3;Default;1;Default;Default;Default;Default;Default;Default;16;3;5000;Direct;SecurePassword;"27,219.386 μs";"1,981.7444 μs";108.6261 μs;"27,170.312 μs";0.94;0.03;5156.2500;31.2500;0.0000;84657.07 KB;1.00
FindWithIndexExpression;ShortRun;False;Default;Default;Default;Default;Default;Default;11111111111111111111111111111111;Empty;RyuJit;Default;X64;8c5e7fda-e8bf-4a96-9a85-a6e23a8c635c;.NET 8.0;False;True;False;True;Default;Default;False;False;False;Default;Default;Default;Default;Default;Default;Default;Default;3;Default;1;Default;Default;Default;Default;Default;Default;16;3;5000;Direct;SecurePassword;"6,529.055 μs";"22,817.7368 μs";"1,250.7171 μs";"6,462.206 μs";0.23;0.04;656.2500;500.0000;0.0000;10941.41 KB;0.13
FindWithIndexQuery;ShortRun;False;Default;Default;Default;Default;Default;Default;11111111111111111111111111111111;Empty;RyuJit;Default;X64;8c5e7fda-e8bf-4a96-9a85-a6e23a8c635c;.NET 8.0;False;True;False;True;Default;Default;False;False;False;Default;Default;Default;Default;Default;Default;Default;Default;3;Default;1;Default;Default;Default;Default;Default;Default;16;3;5000;Direct;SecurePassword;"4,787.092 μs";"1,571.1064 μs";86.1176 μs;"4,742.221 μs";0.17;0.01;664.0625;406.2500;0.0000;10937.92 KB;0.13
FindWithExpression;Job-ACDQAM;False;Default;Default;Default;Default;Default;Default;11111111111111111111111111111111;Empty;RyuJit;Default;X64;8c5e7fda-e8bf-4a96-9a85-a6e23a8c635c;.NET 8.0;False;True;False;True;Default;Default;False;False;False;Default;Default;Default;Default;Default;.NET 8.0;Default;Default;Default;Default;Default;Default;Default;Default;Default;Default;Default;16;Default;10000;Direct;?;"62,922.439 μs";"1,491.0269 μs";"4,205.4678 μs";"61,725.450 μs";1.00;0.00;10777.7778;1777.7778;555.5556;169257.47 KB;1.00
FindWithQuery;Job-ACDQAM;False;Default;Default;Default;Default;Default;Default;11111111111111111111111111111111;Empty;RyuJit;Default;X64;8c5e7fda-e8bf-4a96-9a85-a6e23a8c635c;.NET 8.0;False;True;False;True;Default;Default;False;False;False;Default;Default;Default;Default;Default;.NET 8.0;Default;Default;Default;Default;Default;Default;Default;Default;Default;Default;Default;16;Default;10000;Direct;?;"56,638.329 μs";"1,033.1782 μs";"2,629.7684 μs";"55,821.917 μs";0.90;0.08;10000.0000;1000.0000;0.0000;169253.6 KB;1.00
FindWithIndexExpression;Job-ACDQAM;False;Default;Default;Default;Default;Default;Default;11111111111111111111111111111111;Empty;RyuJit;Default;X64;8c5e7fda-e8bf-4a96-9a85-a6e23a8c635c;.NET 8.0;False;True;False;True;Default;Default;False;False;False;Default;Default;Default;Default;Default;.NET 8.0;Default;Default;Default;Default;Default;Default;Default;Default;Default;Default;Default;16;Default;10000;Direct;?;"9,700.506 μs";190.8124 μs;324.0139 μs;"9,686.458 μs";0.15;0.01;1328.1250;343.7500;15.6250;21463.58 KB;0.13
FindWithIndexQuery;Job-ACDQAM;False;Default;Default;Default;Default;Default;Default;11111111111111111111111111111111;Empty;RyuJit;Default;X64;8c5e7fda-e8bf-4a96-9a85-a6e23a8c635c;.NET 8.0;False;True;False;True;Default;Default;False;False;False;Default;Default;Default;Default;Default;.NET 8.0;Default;Default;Default;Default;Default;Default;Default;Default;Default;Default;Default;16;Default;10000;Direct;?;"10,124.697 μs";288.3939 μs;832.0824 μs;"9,798.125 μs";0.16;0.02;1328.1250;515.6250;15.6250;21460.06 KB;0.13
FindWithExpression;ShortRun;False;Default;Default;Default;Default;Default;Default;11111111111111111111111111111111;Empty;RyuJit;Default;X64;8c5e7fda-e8bf-4a96-9a85-a6e23a8c635c;.NET 8.0;False;True;False;True;Default;Default;False;False;False;Default;Default;Default;Default;Default;Default;Default;Default;3;Default;1;Default;Default;Default;Default;Default;Default;16;3;10000;Direct;?;"76,999.789 μs";"196,225.7745 μs";"10,755.7968 μs";"82,489.100 μs";1.00;0.00;10666.6667;2333.3333;666.6667;169257.52 KB;1.00
FindWithQuery;ShortRun;False;Default;Default;Default;Default;Default;Default;11111111111111111111111111111111;Empty;RyuJit;Default;X64;8c5e7fda-e8bf-4a96-9a85-a6e23a8c635c;.NET 8.0;False;True;False;True;Default;Default;False;False;False;Default;Default;Default;Default;Default;Default;Default;Default;3;Default;1;Default;Default;Default;Default;Default;Default;16;3;10000;Direct;?;"56,037.578 μs";"55,712.6277 μs";"3,053.7971 μs";"54,692.367 μs";0.74;0.16;10000.0000;1000.0000;0.0000;169253.71 KB;1.00
FindWithIndexExpression;ShortRun;False;Default;Default;Default;Default;Default;Default;11111111111111111111111111111111;Empty;RyuJit;Default;X64;8c5e7fda-e8bf-4a96-9a85-a6e23a8c635c;.NET 8.0;False;True;False;True;Default;Default;False;False;False;Default;Default;Default;Default;Default;Default;Default;Default;3;Default;1;Default;Default;Default;Default;Default;Default;16;3;10000;Direct;?;"10,093.572 μs";"14,937.1892 μs";818.7577 μs;"9,805.544 μs";0.13;0.02;1328.1250;343.7500;15.6250;21463.53 KB;0.13
FindWithIndexQuery;ShortRun;False;Default;Default;Default;Default;Default;Default;11111111111111111111111111111111;Empty;RyuJit;Default;X64;8c5e7fda-e8bf-4a96-9a85-a6e23a8c635c;.NET 8.0;False;True;False;True;Default;Default;False;False;False;Default;Default;Default;Default;Default;Default;Default;Default;3;Default;1;Default;Default;Default;Default;Default;Default;16;3;10000;Direct;?;"10,704.618 μs";"23,593.3369 μs";"1,293.2304 μs";"10,077.264 μs";0.14;0.04;1328.1250;515.6250;15.6250;21460.06 KB;0.13
FindWithExpression;Job-ACDQAM;False;Default;Default;Default;Default;Default;Default;11111111111111111111111111111111;Empty;RyuJit;Default;X64;8c5e7fda-e8bf-4a96-9a85-a6e23a8c635c;.NET 8.0;False;True;False;True;Default;Default;False;False;False;Default;Default;Default;Default;Default;.NET 8.0;Default;Default;Default;Default;Default;Default;Default;Default;Default;Default;Default;16;Default;10000;Direct;SecurePassword;"56,119.094 μs";"1,108.7503 μs";"2,781.6376 μs";"54,924.767 μs";1.00;0.00;10000.0000;1000.0000;0.0000;169257.29 KB;1.00
FindWithQuery;Job-ACDQAM;False;Default;Default;Default;Default;Default;Default;11111111111111111111111111111111;Empty;RyuJit;Default;X64;8c5e7fda-e8bf-4a96-9a85-a6e23a8c635c;.NET 8.0;False;True;False;True;Default;Default;False;False;False;Default;Default;Default;Default;Default;.NET 8.0;Default;Default;Default;Default;Default;Default;Default;Default;Default;Default;Default;16;Default;10000;Direct;SecurePassword;"60,322.949 μs";"2,817.8789 μs";"8,039.5671 μs";"57,189.683 μs";1.10;0.16;10333.3333;1666.6667;333.3333;169254.05 KB;1.00
FindWithIndexExpression;Job-ACDQAM;False;Default;Default;Default;Default;Default;Default;11111111111111111111111111111111;Empty;RyuJit;Default;X64;8c5e7fda-e8bf-4a96-9a85-a6e23a8c635c;.NET 8.0;False;True;False;True;Default;Default;False;False;False;Default;Default;Default;Default;Default;.NET 8.0;Default;Default;Default;Default;Default;Default;Default;Default;Default;Default;Default;16;Default;10000;Direct;SecurePassword;"9,525.332 μs";165.3254 μs;129.0752 μs;"9,514.454 μs";0.17;0.01;1328.1250;343.7500;15.6250;21463.54 KB;0.13
FindWithIndexQuery;Job-ACDQAM;False;Default;Default;Default;Default;Default;Default;11111111111111111111111111111111;Empty;RyuJit;Default;X64;8c5e7fda-e8bf-4a96-9a85-a6e23a8c635c;.NET 8.0;False;True;False;True;Default;Default;False;False;False;Default;Default;Default;Default;Default;.NET 8.0;Default;Default;Default;Default;Default;Default;Default;Default;Default;Default;Default;16;Default;10000;Direct;SecurePassword;"9,732.747 μs";189.7745 μs;447.3208 μs;"9,595.288 μs";0.17;0.01;1328.1250;515.6250;15.6250;21460.08 KB;0.13
FindWithExpression;ShortRun;False;Default;Default;Default;Default;Default;Default;11111111111111111111111111111111;Empty;RyuJit;Default;X64;8c5e7fda-e8bf-4a96-9a85-a6e23a8c635c;.NET 8.0;False;True;False;True;Default;Default;False;False;False;Default;Default;Default;Default;Default;Default;Default;Default;3;Default;1;Default;Default;Default;Default;Default;Default;16;3;10000;Direct;SecurePassword;"58,611.678 μs";"69,823.3985 μs";"3,827.2561 μs";"56,475.800 μs";1.00;0.00;10333.3333;1666.6667;333.3333;169257.45 KB;1.00
FindWithQuery;ShortRun;False;Default;Default;Default;Default;Default;Default;11111111111111111111111111111111;Empty;RyuJit;Default;X64;8c5e7fda-e8bf-4a96-9a85-a6e23a8c635c;.NET 8.0;False;True;False;True;Default;Default;False;False;False;Default;Default;Default;Default;Default;Default;Default;Default;3;Default;1;Default;Default;Default;Default;Default;Default;16;3;10000;Direct;SecurePassword;"60,106.933 μs";"45,268.7994 μs";"2,481.3356 μs";"60,087.500 μs";1.03;0.08;10714.2857;1571.4286;428.5714;169254.75 KB;1.00
FindWithIndexExpression;ShortRun;False;Default;Default;Default;Default;Default;Default;11111111111111111111111111111111;Empty;RyuJit;Default;X64;8c5e7fda-e8bf-4a96-9a85-a6e23a8c635c;.NET 8.0;False;True;False;True;Default;Default;False;False;False;Default;Default;Default;Default;Default;Default;Default;Default;3;Default;1;Default;Default;Default;Default;Default;Default;16;3;10000;Direct;SecurePassword;"9,439.511 μs";"2,842.4096 μs";155.8021 μs;"9,480.033 μs";0.16;0.01;1328.1250;343.7500;15.6250;21463.61 KB;0.13
FindWithIndexQuery;ShortRun;False;Default;Default;Default;Default;Default;Default;11111111111111111111111111111111;Empty;RyuJit;Default;X64;8c5e7fda-e8bf-4a96-9a85-a6e23a8c635c;.NET 8.0;False;True;False;True;Default;Default;False;False;False;Default;Default;Default;Default;Default;Default;Default;Default;3;Default;1;Default;Default;Default;Default;Default;Default;16;3;10000;Direct;SecurePassword;"10,841.424 μs";"24,269.6076 μs";"1,330.2991 μs";"11,068.861 μs";0.19;0.03;1328.1250;515.6250;15.6250;21460.13 KB;0.13
